607577.00 5179209.93 -877.71 
607827.00 5179209.93 -881.54 
608077.00 5179209.93 -885.30 
608327.00 5179209.93 -889.07 
608577.00 5179459.93 -894.01 
608827.00 5179459.93 -897.90 
609077.00 5179459.93 -901.83 
609327.00 5179459.93 -905.78 
609577.00 5179709.93 -911.03 
609827.00 5179709.93 -915.00 
610077.00 5179709.93 -918.97 
610327.00 5179709.93 -922.93 
610577.00 5179959.93 -928.21 
610827.00 5179959.93 -932.15 
611077.00 5179959.93 -936.08 
611327.00 5179959.93 -940.00 
611577.00 5180209.93 -945.19 
611827.00 5180209.93 -949.07 
612077.00 5180209.93 -952.93 
612327.00 5180209.93 -956.78 
612577.00 5180459.93 -961.87 
612827.00 5180459.93 -965.67 
613077.00 5180459.93 -969.44 
613327.00 5180459.93 -973.19 
613577.00 5180709.93 -978.17 
613827.00 5180709.93 -981.87 
614077.00 5180709.93 -985.53 
614327.00 5180709.93 -989.16 
614577.00 5180959.93 -994.01 
614827.00 5180959.93 -997.57 
615077.00 5180959.93 -1001.10 
615327.00 5180959.93 -1004.59 
615577.00 5181209.93 -1009.27 
615827.00 5181209.93 -1012.68 
616077.00 5181209.93 -1016.06 
616327.00 5181209.93 -1019.41 
616577.00 5181459.93 -1023.92 
616827.00 5181459.93 -1027.19 
617077.00 5181459.93 -1030.44 
617327.00 5181459.93 -1033.66 
617577.00 5181709.93 -1038.01 
617827.00 5181709.93 -1041.17 
618077.00 5181709.93 -1044.32 
618327.00 5181709.93 -1047.44 
618577.00 5181959.93 -1051.67 
618827.00 5181959.93 -1054.75 
619077.00 5181959.93 -1057.82 
619327.00 5181959.93 -1060.88 
619577.00 5182209.93 -1065.02 
619827.00 5182209.93 -1068.04 
620077.00 5182209.93 -1071.05 
620327.00 5182209.93 -1074.03 
620577.00 5182459.93 -1078.13 
620827.00 5182459.93 -1081.09 
621077.00 5182459.93 -1084.02 
621327.00 5182459.93 -1086.94 
621577.00 5182709.93 -1091.00 
621827.00 5182709.93 -1093.88 
622077.00 5182709.93 -1096.74 
622327.00 5182709.93 -1099.57 
622577.00 5182959.93 -1103.60 
622827.00 5182959.93 -1106.39 
623077.00 5182959.93 -1109.15 
623327.00 5182959.93 -1111.88 
623577.00 5183209.93 -1115.87 
623827.00 5183209.93 -1118.55 
624077.00 5183209.93 -1121.20 
624327.00 5183209.93 -1123.83 
624577.00 5183209.93 -1126.42 
624827.00 5183459.93 -1130.32 
625077.00 5183459.93 -1132.85 
625327.00 5183459.93 -1135.35 
625577.00 5183459.93 -1137.82 
625827.00 5183709.93 -1141.66 
626077.00 5183709.93 -1144.07 
626327.00 5183709.93 -1146.44 
626577.00 5183709.93 -1148.79 
626827.00 5183959.93 -1152.56 
627077.00 5183959.93 -1154.84 
627327.00 5183959.93 -1157.09 
627577.00 5183959.93 -1159.31 
627827.00 5184209.93 -1163.01 
628077.00 5184209.93 -1165.17 
628327.00 5184209.93 -1167.30 
628577.00 5184209.93 -1169.40 
628827.00 5184459.93 -1173.04 
629077.00 5184459.93 -1175.09 
629327.00 5184459.93 -1177.11 
629577.00 5184459.93 -1179.10 
629827.00 5184709.93 -1182.70 
630077.00 5184709.93 -1184.65 
630327.00 5184709.93 -1186.57 
630577.00 5184709.93 -1188.46 
630827.00 5184959.93 -1192.04 
631077.00 5184959.93 -1193.89 
631327.00 5184959.93 -1195.73 
631577.00 5184959.93 -1197.53 
631827.00 5185209.93 -1201.11 
632077.00 5185209.93 -1202.89 
632327.00 5185209.93 -1204.65 
632577.00 5185209.93 -1206.38 
632827.00 5185459.93 -1209.98 
633077.00 5185459.93 -1211.69 
633327.00 5185459.93 -1213.39 
633577.00 5185459.93 -1215.06 
633827.00 5185709.93 -1218.70 
634077.00 5185709.93 -1220.37 
634327.00 5185709.93 -1222.02 
634577.00 5185709.93 -1223.65 
634827.00 5185959.93 -1227.35 
635077.00 5185959.93 -1228.98 
635327.00 5185959.93 -1230.59 
635577.00 5185959.93 -1232.19 
635827.00 5186209.93 -1235.99 
636077.00 5186209.93 -1237.59 
636327.00 5186209.93 -1239.18 
636577.00 5186209.93 -1240.76 
636827.00 5186459.93 -1244.67 
637077.00 5186459.93 -1246.26 
637327.00 5186459.93 -1247.84 
637577.00 5186459.93 -1249.41 
637827.00 5186709.93 -1253.45 
638077.00 5186709.93 -1255.04 
638327.00 5186709.93 -1256.62 
638577.00 5186709.93 -1258.19 
638827.00 5186959.93 -1262.38 
639077.00 5186959.93 -1263.98 
639327.00 5186959.93 -1265.58 
639577.00 5186959.93 -1267.17 
639827.00 5187209.93 -1271.52 
640077.00 5187209.93 -1273.15 
640327.00 5187209.93 -1274.77 
640577.00 5187209.93 -1276.39 
640827.00 5187459.93 -1280.92 
641077.00 5187459.93 -1282.58 
641327.00 5187459.93 -1284.25 
641577.00 5187459.93 -1285.91 
641827.00 5187709.93 -1290.64 
642077.00 5187709.93 -1292.35 
642327.00 5187709.93 -1294.06 
642577.00 5187709.93 -1295.78 
642827.00 5187959.93 -1300.71 
643077.00 5187959.93 -1302.49 
643327.00 5187959.93 -1304.27 
643577.00 5187959.93 -1306.06 
643827.00 5188209.93 -1311.21 
644077.00 5188209.93 -1313.06 
644327.00 5188209.93 -1314.92 
644577.00 5188209.93 -1316.79 
644827.00 5188459.93 -1322.17 
645077.00 5188459.93 -1324.11 
645327.00 5188459.93 -1326.06 
645577.00 5188459.93 -1328.03 
645827.00 5188709.93 -1333.66 
646077.00 5188709.93 -1335.70 
646327.00 5188709.93 -1337.76 
646577.00 5188709.93 -1339.83 
646827.00 5188709.93 -1341.93 
647077.00 5188959.93 -1347.88 
647327.00 5188959.93 -1350.06 
647577.00 5188959.93 -1352.26 
647827.00 5188959.93 -1354.48 
648077.00 5189209.93 -1360.71 
648327.00 5189209.93 -1363.02 
648577.00 5189209.93 -1365.36 
648827.00 5189209.93 -1367.73 
649077.00 5189459.93 -1374.23 
649327.00 5189459.93 -1376.70 
649577.00 5189459.93 -1379.19 
649827.00 5189459.93 -1381.71 
650077.00 5189709.93 -1388.52 
650327.00 5189709.93 -1391.14 
650577.00 5189709.93 -1393.80 
650827.00 5189709.93 -1396.50 
651077.00 5189959.93 -1403.61 
651327.00 5189959.93 -1406.41 
651577.00 5189959.93 -1409.26 
651827.00 5189959.93 -1412.14 
652077.00 5190209.93 -1419.57 
652327.00 5190209.93 -1422.56 
652577.00 5190209.93 -1425.60 
652827.00 5190209.93 -1428.68 
653077.00 5190459.93 -1436.44 
653327.00 5190459.93 -1439.65 
653577.00 5190459.93 -1442.89 
653827.00 5190459.93 -1446.19 
654077.00 5190709.93 -1454.29 
654327.00 5190709.93 -1457.71 
654577.00 5190709.93 -1461.18 
654827.00 5190709.93 -1464.70 
655077.00 5190959.93 -1473.15 
655327.00 5190959.93 -1476.81 
655577.00 5190959.93 -1480.51 
655827.00 5190959.93 -1484.27 
656077.00 5191209.93 -1493.08 
656327.00 5191209.93 -1496.98 
656577.00 5191209.93 -1500.93 
656827.00 5191209.93 -1504.94 
657077.00 5191459.93 -1514.12 
657327.00 5191459.93 -1518.27 
657577.00 5191459.93 -1522.48 
657827.00 5191459.93 -1526.75 
658077.00 5191709.93 -1536.31 
658327.00 5191709.93 -1540.73 
658577.00 5191709.93 -1545.21 
658827.00 5191709.93 -1549.74 
659077.00 5191959.93 -1559.69 
659327.00 5191959.93 -1564.39 
659577.00 5191959.93 -1569.14 
659827.00 5191959.93 -1573.95 
660077.00 5192209.93 -1584.30 
660327.00 5192209.93 -1589.27 
660577.00 5192209.93 -1594.31 
660827.00 5192209.93 -1599.41 
661077.00 5192459.93 -1610.16 
661327.00 5192459.93 -1615.42 
661577.00 5192459.93 -1620.75 
661827.00 5192459.93 -1626.14 
662077.00 5192709.93 -1637.30 
662327.00 5192709.93 -1642.85 
662577.00 5192709.93 -1648.47 
662827.00 5192709.93 -1654.16 
663077.00 5192959.93 -1665.73 
663327.00 5192959.93 -1671.59 
663577.00 5192959.93 -1677.50 
663827.00 5192959.93 -1683.48 
664077.00 5193209.93 -1695.48 
664327.00 5193209.93 -1701.63 
664577.00 5193209.93 -1707.84 
664827.00 5193209.93 -1714.12 
665077.00 5193459.93 -1726.54 
665327.00 5193459.93 -1732.98 
665577.00 5193459.93 -1739.50 
665827.00 5193459.93 -1746.08 
666077.00 5193709.93 -1758.91 
666327.00 5193709.93 -1765.66 
666577.00 5193709.93 -1772.47 
666827.00 5193709.93 -1779.35 
667077.00 5193959.93 -1792.60 
667327.00 5193959.93 -1799.64 
667577.00 5193959.93 -1806.75 
667827.00 5193959.93 -1813.92 
668077.00 5194209.93 -1827.58 
668327.00 5194209.93 -1834.92 
668577.00 5194209.93 -1842.32 
668827.00 5194209.93 -1849.78 
669077.00 5194459.93 -1863.85 
669327.00 5194459.93 -1871.48 
669577.00 5194459.93 -1879.16 
669827.00 5194459.93 -1886.91 
670077.00 5194459.93 -1894.71 
670327.00 5194709.93 -1909.29 
670577.00 5194709.93 -1917.26 
670827.00 5194709.93 -1925.28 
671077.00 5194709.93 -1933.36 
671327.00 5194959.93 -1948.34 
671577.00 5194959.93 -1956.57 
671827.00 5194959.93 -1964.87 
672077.00 5194959.93 -1973.22 
672327.00 5195209.93 -1988.59 
672577.00 5195209.93 -1997.08 
672827.00 5195209.93 -2005.64 
673077.00 5195209.93 -2014.25 
673327.00 5195459.93 -2030.00 
673577.00 5195459.93 -2038.75 
673827.00 5195459.93 -2047.56 
674077.00 5195459.93 -2056.42 
674327.00 5195709.93 -2072.53 
674577.00 5195709.93 -2081.53 
674827.00 5195709.93 -2090.58 
675077.00 5195709.93 -2099.68 
675327.00 5195959.93 -2116.15 
675577.00 5195959.93 -2125.38 
675827.00 5195959.93 -2134.66 
676077.00 5195959.93 -2143.99 
676327.00 5196209.93 -2160.81 
676577.00 5196209.93 -2170.27 
676827.00 5196209.93 -2179.76 
677077.00 5196209.93 -2189.31 
677327.00 5196459.93 -2206.46 
677577.00 5196459.93 -2216.12 
677827.00 5196459.93 -2225.83 
678077.00 5196459.93 -2235.58 
678327.00 5196709.93 -2253.05 
678577.00 5196709.93 -2262.91 
678827.00 5196709.93 -2272.81 
679077.00 5196709.93 -2282.75 
679327.00 5196959.93 -2300.53 
679577.00 5196959.93 -2310.57 
679827.00 5196959.93 -2320.65 
680077.00 5196959.93 -2330.77 
680327.00 5197209.93 -2348.84 
680577.00 5197209.93 -2359.05 
680827.00 5197209.93 -2369.30 
681077.00 5197209.93 -2379.59 
681327.00 5197459.93 -2397.92 
681577.00 5197459.93 -2408.30 
681827.00 5197459.93 -2418.70 
682077.00 5197459.93 -2429.14 
682327.00 5197709.93 -2447.73 
682577.00 5197709.93 -2458.25 
682827.00 5197709.93 -2468.80 
683077.00 5197709.93 -2479.37 
683327.00 5197959.93 -2498.20 
683577.00 5197959.93 -2508.85 
683827.00 5197959.93 -2519.52 
684077.00 5197959.93 -2530.22 
684327.00 5198209.93 -2549.27 
684577.00 5198209.93 -2560.04 
684827.00 5198209.93 -2570.83 
685077.00 5198209.93 -2581.64 
685327.00 5198459.93 -2600.88 
685577.00 5198459.93 -2611.75 
685827.00 5198459.93 -2622.65 
686077.00 5198459.93 -2633.55 
686327.00 5198709.93 -2652.98 
686577.00 5198709.93 -2663.94 
686827.00 5198709.93 -2674.92 
687077.00 5198709.93 -2685.91 
687327.00 5198959.93 -2705.50 
687577.00 5198959.93 -2716.54 
687827.00 5198959.93 -2727.60 
688077.00 5198959.93 -2738.66 
688327.00 5199209.93 -2758.40 
688577.00 5199209.93 -2769.50 
688827.00 5199209.93 -2780.62 
689077.00 5199209.93 -2791.74 
689327.00 5199459.93 -2811.60 
689577.00 5199459.93 -2822.75 
689827.00 5199459.93 -2833.92 
690077.00 5199459.93 -2845.09 
690327.00 5199709.93 -2865.05 
690577.00 5199709.93 -2876.25 
690827.00 5199709.93 -2887.45 
691077.00 5199709.93 -2898.66 
691327.00 5199959.93 -2918.71 
691577.00 5199959.93 -2929.94 
691827.00 5199959.93 -2941.16 
692077.00 5199959.93 -2952.40 
692327.00 5199959.93 -2963.63 
692577.00 5200209.93 -2983.76 
692827.00 5200209.93 -2995.00 
693077.00 5200209.93 -3006.24 
693327.00 5200209.93 -3017.49 
693577.00 5200459.93 -3037.66 
693827.00 5200459.93 -3048.91 
694077.00 5200459.93 -3060.16 
694327.00 5200459.93 -3071.40 
694577.00 5200709.93 -3091.61 
694827.00 5200709.93 -3102.85 
695077.00 5200709.93 -3114.09 
695327.00 5200709.93 -3125.33 
695577.00 5200959.93 -3145.54 
695827.00 5200959.93 -3156.77 
696077.00 5200959.93 -3167.99 
696327.00 5200959.93 -3179.21 
696577.00 5201209.93 -3199.42 
696827.00 5201209.93 -3210.63 
697077.00 5201209.93 -3221.83 
697327.00 5201209.93 -3233.02 
697577.00 5201459.93 -3253.20 
697827.00 5201459.93 -3264.38 
698077.00 5201459.93 -3275.55 
698327.00 5201459.93 -3286.70 
698577.00 5201709.93 -3306.85 
698827.00 5201709.93 -3317.99 
699077.00 5201709.93 -3329.12 
699327.00 5201709.93 -3340.23 
699577.00 5201959.93 -3360.33 
699827.00 5201959.93 -3371.42 
700077.00 5201959.93 -3382.50 
700327.00 5201959.93 -3393.57 
700577.00 5202209.93 -3413.59 
700827.00 5202209.93 -3424.63 
701077.00 5202209.93 -3435.66 
701327.00 5202209.93 -3446.68 
701577.00 5202459.93 -3466.62 
701827.00 5202459.93 -3477.60 
702077.00 5202459.93 -3488.57 
702327.00 5202459.93 -3499.52 
702577.00 5202709.93 -3519.37 
702827.00 5202709.93 -3530.29 
703077.00 5202709.93 -3541.19 
703327.00 5202709.93 -3552.08 
703577.00 5202959.93 -3571.82 
703827.00 5202959.93 -3582.67 
704077.00 5202959.93 -3593.51 
704327.00 5202959.93 -3604.33 
704577.00 5203209.93 -3623.94 
704827.00 5203209.93 -3634.72 
705077.00 5203209.93 -3645.48 
705327.00 5203209.93 -3656.23 
705577.00 5203459.93 -3675.71 
705827.00 5203459.93 -3686.41 
706077.00 5203459.93 -3697.10 
706327.00 5203459.93 -3707.77 
706577.00 5203709.93 -3727.10 
706827.00 5203709.93 -3737.73 
707077.00 5203709.93 -3748.33 
707327.00 5203709.93 -3758.92 
707577.00 5203959.93 -3778.10 
707827.00 5203959.93 -3788.64 
708077.00 5203959.93 -3799.16 
708327.00 5203959.93 -3809.67 
708577.00 5204209.93 -3828.69 
708827.00 5204209.93 -3839.14 
709077.00 5204209.93 -3849.58 
709327.00 5204209.93 -3860.00 
709577.00 5204459.93 -3878.84 
709827.00 5204459.93 -3889.20 
710077.00 5204459.93 -3899.56 
710327.00 5204459.93 -3909.89 
710577.00 5204709.93 -3928.55 
710827.00 5204709.93 -3938.83 
711077.00 5204709.93 -3949.09 
711327.00 5204709.93 -3959.34 
711577.00 5204959.93 -3977.80 
711827.00 5204959.93 -3987.99 
712077.00 5204959.93 -3998.16 
712327.00 5204959.93 -4008.32 
712577.00 5205209.93 -4026.59 
712827.00 5205209.93 -4036.69 
713077.00 5205209.93 -4046.77 
713327.00 5205209.93 -4056.84 
713577.00 5205459.93 -4074.91 
713827.00 5205459.93 -4084.91 
714077.00 5205459.93 -4094.91 
714327.00 5205459.93 -4104.89 
714577.00 5205459.93 -4114.86 
714827.00 5205709.93 -4132.66 
715077.00 5205709.93 -4142.57 
715327.00 5205709.93 -4152.46 
715577.00 5205709.93 -4162.34 
715827.00 5205959.93 -4179.93 
716077.00 5205959.93 -4189.75 
716327.00 5205959.93 -4199.56 
716577.00 5205959.93 -4209.35 
716827.00 5206209.93 -4226.71 
717077.00 5206209.93 -4236.45 
717327.00 5206209.93 -4246.17 
717577.00 5206209.93 -4255.88 
717827.00 5206459.93 -4273.02 
718077.00 5206459.93 -4282.66 
718327.00 5206459.93 -4292.30 
718577.00 5206459.93 -4301.93 
718827.00 5206709.93 -4318.84 
719077.00 5206709.93 -4328.40 
719327.00 5206709.93 -4337.96 
719577.00 5206709.93 -4347.50 
719827.00 5206959.93 -4364.18 
720077.00 5206959.93 -4373.67 
720327.00 5206959.93 -4383.14 
720577.00 5206959.93 -4392.60 
720827.00 5207209.93 -4409.05 
721077.00 5207209.93 -4418.46 
721327.00 5207209.93 -4427.85 
721577.00 5207209.93 -4437.24 
721827.00 5207459.93 -4453.45 
722077.00 5207459.93 -4462.78 
722327.00 5207459.93 -4472.10 
722577.00 5207459.93 -4481.41 
722827.00 5207709.93 -4497.39 
723077.00 5207709.93 -4506.64 
723327.00 5207709.93 -4515.89 
723577.00 5207709.93 -4525.13 
723827.00 5207959.93 -4540.87 
724077.00 5207959.93 -4550.05 
724327.00 5207959.93 -4559.23 
724577.00 5207959.93 -4568.40 
724827.00 5208209.93 -4583.90 
725077.00 5208209.93 -4593.02 
725327.00 5208209.93 -4602.13 
725577.00 5208209.93 -4611.23 
725827.00 5208459.93 -4626.50 
726077.00 5208459.93 -4635.55 
726327.00 5208459.93 -4644.60 
726577.00 5208459.93 -4653.64 
726827.00 5208709.93 -4668.67 
727077.00 5208709.93 -4677.66 
727327.00 5208709.93 -4686.64 
727577.00 5208709.93 -4695.62 
727827.00 5208959.93 -4710.42 
728077.00 5208959.93 -4719.35 
728327.00 5208959.93 -4728.27 
728577.00 5208959.93 -4737.20 
728827.00 5209209.93 -4751.76 
729077.00 5209209.93 -4760.63 
729327.00 5209209.93 -4769.51 
729577.00 5209209.93 -4778.38 
729827.00 5209459.93 -4792.71 
730077.00 5209459.93 -4801.53 
730327.00 5209459.93 -4810.35 
730577.00 5209459.93 -4819.17 
730827.00 5209709.93 -4833.27 
731077.00 5209709.93 -4842.05 
731327.00 5209709.93 -4850.82 
731577.00 5209709.93 -4859.59 
731827.00 5209959.93 -4873.47 
732077.00 5209959.93 -4882.20 
732327.00 5209959.93 -4890.92 
732577.00 5209959.93 -4899.65 
732827.00 5210209.93 -4913.31 
733077.00 5210209.93 -4921.99 
733327.00 5210209.93 -4930.67 
733577.00 5210209.93 -4939.35 
733827.00 5210459.93 -4952.80 
734077.00 5210459.93 -4961.44 
734327.00 5210459.93 -4970.08 
734577.00 5210459.93 -4978.72 
734827.00 5210709.93 -4991.96 
735077.00 5210709.93 -5000.56 
735327.00 5210709.93 -5009.16 
735577.00 5210709.93 -5017.77 
735827.00 5210959.93 -5030.79 
736077.00 5210959.93 -5039.36 
736327.00 5210959.93 -5047.93 
736577.00 5210959.93 -5056.50 
736827.00 5210959.93 -5065.07 
737077.00 5211209.93 -5077.85 
737327.00 5211209.93 -5086.38 
737577.00 5211209.93 -5094.92 
737827.00 5211209.93 -5103.45 
738077.00 5211459.93 -5116.04 
738327.00 5211459.93 -5124.54 
738577.00 5211459.93 -5133.04 
738827.00 5211459.93 -5141.55 
739077.00 5211709.93 -5153.94 
739327.00 5211709.93 -5162.41 
739577.00 5211709.93 -5170.88 
739827.00 5211709.93 -5179.35 
740077.00 5211959.93 -5191.55 
740327.00 5211959.93 -5199.99 
740577.00 5211959.93 -5208.43 
740827.00 5211959.93 -5216.87 
741077.00 5212209.93 -5228.88 
741327.00 5212209.93 -5237.29 
741577.00 5212209.93 -5245.70 
741827.00 5212209.93 -5254.11 
742077.00 5212459.93 -5265.93 
742327.00 5212459.93 -5274.31 
742577.00 5212459.93 -5282.69 
742827.00 5212459.93 -5291.07 
743077.00 5212709.93 -5302.71 
743327.00 5212709.93 -5311.06 
743577.00 5212709.93 -5319.41 
743827.00 5212709.93 -5327.76 
744077.00 5212959.93 -5339.21 
744327.00 5212959.93 -5347.53 
744577.00 5212959.93 -5355.85 
744827.00 5212959.93 -5364.17 
745077.00 5213209.93 -5375.43 
745327.00 5213209.93 -5383.72 
745577.00 5213209.93 -5392.01 
745827.00 5213209.93 -5400.30 
746077.00 5213459.93 -5411.37 
746327.00 5213459.93 -5419.63 
746577.00 5213459.93 -5427.88 
746827.00 5213459.93 -5436.14 
747077.00 5213709.93 -5447.02 
747327.00 5213709.93 -5455.24 
747577.00 5213709.93 -5463.46 
747827.00 5213709.93 -5471.69 
748077.00 5213959.93 -5482.36 
748327.00 5213959.93 -5490.55 
748577.00 5213959.93 -5498.74 
748827.00 5213959.93 -5506.92 
749077.00 5214209.93 -5517.39 
749327.00 5214209.93 -5525.54 
749577.00 5214209.93 -5533.69 
749827.00 5214209.93 -5541.83 
750077.00 5214459.93 -5552.07 
750327.00 5214459.93 -5560.18 
750577.00 5214459.93 -5568.28 
750827.00 5214459.93 -5576.39 
751077.00 5214709.93 -5586.39 
751327.00 5214709.93 -5594.45 
751577.00 5214709.93 -5602.50 
751827.00 5214709.93 -5610.55 
752077.00 5214959.93 -5620.30 
752327.00 5214959.93 -5628.30 
752577.00 5214959.93 -5636.29 
752827.00 5214959.93 -5644.28 
753077.00 5215209.93 -5653.74 
753327.00 5215209.93 -5661.67 
753577.00 5215209.93 -5669.59 
753827.00 5215209.93 -5677.49 
754077.00 5215459.93 -5686.65 
754327.00 5215459.93 -5694.49 
754577.00 5215459.93 -5702.32 
754827.00 5215459.93 -5710.13 
755077.00 5215709.93 -5718.95 
755327.00 5215709.93 -5726.68 
755577.00 5215709.93 -5734.39 
755827.00 5215709.93 -5742.08 
756077.00 5215959.93 -5750.54 
756327.00 5215959.93 -5758.13 
756577.00 5215959.93 -5765.70 
756827.00 5215959.93 -5773.24 
757077.00 5216209.93 -5781.32 
757327.00 5216209.93 -5788.75 
757577.00 5216209.93 -5796.16 
757827.00 5216209.93 -5803.53 
758077.00 5216459.93 -5811.18 
758327.00 5216459.93 -5818.44 
758577.00 5216459.93 -5825.67 
758827.00 5216459.93 -5832.84 
759077.00 5216459.93 -5839.98 
759327.00 5216709.93 -5847.10 
759577.00 5216709.93 -5854.11 
759827.00 5216709.93 -5861.07 
760077.00 5216709.93 -5867.99 
760327.00 5216959.93 -5874.58 
760577.00 5216959.93 -5881.34 
760827.00 5216959.93 -5888.03 
761077.00 5216959.93 -5894.66 
761327.00 5217209.93 -5900.59 
761577.00 5217209.93 -5907.00 
761827.00 5217209.93 -5913.32 
762077.00 5217209.93 -5919.54 
762327.00 5217459.93 -5924.57 
762577.00 5217459.93 -5930.46 
762827.00 5217459.93 -5936.20 
763077.00 5217459.93 -5941.78 
763327.00 5217709.93 -5945.53 
763577.00 5217709.93 -5950.60 
763827.00 5217709.93 -5955.43 
764077.00 5217709.93 -5959.99 
764327.00 5217959.93 -5961.96 
764577.00 5217959.93 -5965.77 
764827.00 5217959.93 -5969.21 
765077.00 5217959.93 -5972.24 
765327.00 5218209.93 -5971.82 
765577.00 5218209.93 -5973.76 
765827.00 5218209.93 -5975.13 
766077.00 5218209.93 -5975.87 
766327.00 5218459.93 -5972.31 
766577.00 5218459.93 -5971.46 
766827.00 5218459.93 -5969.75 
767077.00 5218459.93 -5967.09 
767327.00 5218709.93 -5959.38 
767577.00 5218709.93 -5954.40 
767827.00 5218709.93 -5948.14 
768077.00 5218709.93 -5940.50 
768327.00 5218959.93 -5927.54 
768577.00 5218959.93 -5916.79 
768827.00 5218959.93 -5904.42 
769077.00 5218959.93 -5890.52 
769327.00 5219209.93 -5873.43 
769577.00 5219209.93 -5857.72 
769827.00 5219209.93 -5841.99 
770077.00 5219209.93 -5827.28 
770327.00 5219459.93 -5818.33 
770577.00 5219459.93 -5810.09 
770827.00 5219459.93 -5806.02 
771077.00 5219459.93 -5806.21 
771327.00 5219709.93 -5834.71 
771577.00 5219709.93 -5852.20 
771827.00 5219959.93 -5890.68 
772077.00 5219959.93 -5911.98 
772327.00 5220209.93 -5950.45 
772577.00 5220209.93 -5967.18 
772827.00 5220209.93 -5980.52 
773077.00 5220459.93 -6000.85 
773327.00 5220459.93 -6004.22 
773577.00 5220709.93 -6006.68 
773827.00 5220709.93 -6000.13 
774077.00 5220959.93 -5985.08 
774327.00 5220959.93 -5969.96 
774577.00 5221209.93 -5939.47 
774827.00 5221209.93 -5918.20 
775077.00 5221459.93 -5875.91 
775327.00 5221459.93 -5850.54 
775577.00 5221709.93 -5800.00 
775827.00 5221709.93 -5772.12 
776077.00 5221959.93 -5716.71 
776327.00 5221959.93 -5688.29 
776577.00 5221959.93 -5660.13 
776827.00 5222209.93 -5605.18 
777077.00 5222209.93 -5579.67 
777327.00 5222459.93 -5528.93 
777577.00 5222459.93 -5507.79 
777827.00 5222709.93 -5464.32 
778077.00 5222709.93 -5448.38 
778327.00 5222959.93 -5414.09 
778577.00 5222959.93 -5403.29 
778827.00 5223209.93 -5378.79 
779077.00 5223209.93 -5372.40 
779327.00 5223459.93 -5357.25 
779577.00 5223459.93 -5354.30 
779827.00 5223459.93 -5351.85 
780077.00 5223709.93 -5346.83 
780327.00 5223709.93 -5346.61 
780577.00 5223959.93 -5347.75 
780827.00 5223959.93 -5349.07 
781077.00 5224209.93 -5355.02 
781327.00 5224209.93 -5357.43 
781577.00 5224459.93 -5367.09 
781827.00 5224459.93 -5370.37 
782077.00 5224709.93 -5382.92 
782327.00 5224709.93 -5386.98 
782577.00 5224959.93 -5401.86 
782827.00 5224959.93 -5406.70 
783077.00 5225209.93 -5423.50 
783327.00 5225209.93 -5429.11 
783577.00 5225209.93 -5435.11 
783827.00 5225459.93 -5453.86 
784077.00 5225459.93 -5460.53 
784327.00 5225709.93 -5480.57 
784577.00 5225709.93 -5487.79 
784827.00 5225959.93 -5508.84 
785077.00 5225959.93 -5516.45 
785327.00 5226209.93 -5538.21 
785577.00 5226209.93 -5546.02 
785827.00 5226459.93 -5568.21 
786077.00 5226459.93 -5576.02 
786327.00 5226709.93 -5598.32 
786577.00 5226709.93 -5605.95 
786827.00 5226959.93 -5628.06 
787077.00 5226959.93 -5635.31 
787327.00 5226959.93 -5642.40 
787577.00 5227209.93 -5663.64 
787827.00 5227209.93 -5670.15 
788077.00 5227459.93 -5690.52 
788327.00 5227459.93 -5696.30 
788577.00 5227709.93 -5715.55 
788827.00 5227709.93 -5720.51 
789077.00 5227959.93 -5738.42 
789327.00 5227959.93 -5742.47 
789577.00 5228209.93 -5758.84 
789827.00 5228209.93 -5761.92 
790077.00 5228459.93 -5776.60 
790327.00 5228459.93 -5778.69 
790577.00 5228709.93 -5791.55 
790827.00 5228709.93 -5792.65 
791077.00 5228709.93 -5793.47 
791327.00 5228959.93 -5803.74 
791577.00 5228959.93 -5803.61 
791827.00 5229209.93 -5811.95 
792077.00 5229209.93 -5810.91 
792327.00 5229459.93 -5817.34 
792577.00 5229459.93 -5815.45 
792827.00 5229709.93 -5820.00 
793077.00 5229709.93 -5817.35 
793327.00 5229959.93 -5820.09 
793577.00 5229959.93 -5816.76 
793827.00 5230209.93 -5817.79 
794077.00 5230209.93 -5813.86 
794327.00 5230209.93 -5809.88 
794577.00 5230459.93 -5808.87 
794827.00 5230459.93 -5804.43 
795077.00 5230709.93 -5802.00 
795327.00 5230709.93 -5797.21 
795577.00 5230959.93 -5793.50 
795827.00 5230959.93 -5788.44 
796077.00 5231209.93 -5783.60 
796327.00 5231209.93 -5778.36 
796577.00 5231459.93 -5772.55 
796827.00 5231459.93 -5767.20 
797077.00 5231709.93 -5760.56 
797327.00 5231709.93 -5755.20 
797577.00 5231959.93 -5747.88 
797827.00 5231959.93 -5742.56 
798077.00 5231959.93 -5737.38 
798327.00 5232209.93 -5729.50 
798577.00 5232209.93 -5724.44 
798827.00 5232459.93 -5716.20 
799077.00 5232459.93 -5711.30 
799327.00 5232709.93 -5702.83 
799577.00 5232709.93 -5698.14 
799827.00 5232959.93 -5689.54 
800077.00 5232959.93 -5685.08 
800327.00 5233209.93 -5676.47 
800577.00 5233209.93 -5672.27 
800827.00 5233459.93 -5663.72 
801077.00 5233459.93 -5659.79 
801327.00 5233709.93 -5651.40 
801577.00 5233709.93 -5647.73 
801827.00 5233709.93 -5644.17 
802077.00 5233959.93 -5636.16 
802327.00 5233959.93 -5632.85 
802577.00 5234209.93 -5625.13 
802827.00 5234209.93 -5622.06 
803077.00 5234459.93 -5614.67 
803327.00 5234459.93 -5611.82 
803577.00 5234709.93 -5604.80 
803827.00 5234709.93 -5602.15 
804077.00 5234959.93 -5595.53 
804327.00 5234959.93 -5593.06 
804577.00 5235209.93 -5586.85 
804827.00 5235209.93 -5584.52 
805077.00 5235209.93 -5582.20 
805327.00 5235459.93 -5576.53 
805577.00 5235459.93 -5574.32 
805827.00 5235709.93 -5569.06 
806077.00 5235709.93 -5566.91 
806327.00 5235959.93 -5562.06 
806577.00 5235959.93 -5559.96 
806827.00 5236209.93 -5555.51 
807077.00 5236209.93 -5553.41 
807327.00 5236459.93 -5549.34 
807577.00 5236459.93 -5547.22 
807827.00 5236709.93 -5543.51 
808077.00 5236709.93 -5541.34 
808327.00 5236959.93 -5537.97 
808577.00 5236959.93 -5535.72 
808827.00 5236959.93 -5533.36 
809077.00 5237209.93 -5530.30 
809327.00 5237209.93 -5527.82 
809577.00 5237459.93 -5525.03 
809827.00 5237459.93 -5522.40 
810077.00 5237709.93 -5519.84 
810327.00 5237709.93 -5517.03 
810577.00 5237959.93 -5514.68 
810827.00 5237959.93 -5511.68 
811077.00 5238209.93 -5509.50 
811327.00 5238209.93 -5506.27 
811577.00 5238459.93 -5504.22 
811827.00 5238459.93 -5500.75 
812077.00 5238709.93 -5498.81 
812327.00 5238709.93 -5495.07 
812577.00 5238709.93 -5491.16 
812827.00 5238959.93 -5489.17 
813077.00 5238959.93 -5484.96 
813327.00 5239209.93 -5482.99 
813577.00 5239209.93 -5478.47 
813827.00 5239459.93 -5476.49 
814077.00 5239459.93 -5471.64 
814327.00 5239709.93 -5469.60 
814577.00 5239709.93 -5464.41 
814827.00 5239959.93 -5462.28 
815077.00 5239959.93 -5456.73 
815327.00 5240209.93 -5454.49 
815577.00 5240209.93 -5448.56 
815827.00 5240209.93 -5442.43 
816077.00 5240459.93 -5439.85 
816327.00 5240459.93 -5433.33 
816577.00 5240709.93 -5430.55 
816827.00 5240709.93 -5423.63 
817077.00 5240959.93 -5420.62 
817327.00 5240959.93 -5413.29 
817577.00 5241209.93 -5410.03 
817827.00 5241209.93 -5402.27 
818077.00 5241459.93 -5398.73 
818327.00 5241459.93 -5390.54 
818577.00 5241709.93 -5386.68 
818827.00 5241709.93 -5378.05 
819077.00 5241959.93 -5373.85 
819327.00 5241959.93 -5364.78 
819577.00 5241959.93 -5355.50 
819827.00 5242209.93 -5350.68 
820077.00 5242209.93 -5340.96 
820327.00 5242459.93 -5335.74 
820577.00 5242459.93 -5325.56 
820827.00 5242709.93 -5319.92 
821077.00 5242709.93 -5309.28 
821327.00 5242959.93 -5303.20 
821577.00 5242959.93 -5292.10 
821827.00 5243209.93 -5285.55 
822077.00 5243209.93 -5273.99 
822327.00 5243459.93 -5266.95 
822577.00 5243459.93 -5254.92 
822827.00 5243709.93 -5247.38 
823077.00 5243709.93 -5234.90 
823327.00 5243709.93 -5222.24 
823577.00 5243959.93 -5213.89 
823827.00 5243959.93 -5200.77 
824077.00 5244209.93 -5191.89 
824327.00 5244209.93 -5178.32 
824577.00 5244459.93 -5168.88 
824827.00 5244459.93 -5154.86 
825077.00 5244709.93 -5144.85 
825327.00 5244709.93 -5130.40 
825577.00 5244959.93 -5119.81 
825827.00 5244959.93 -5104.92 
826077.00 5245209.93 -5093.75 
826327.00 5245209.93 -5078.43 
826577.00 5245209.93 -5062.98 
826827.00 5245459.93 -5050.93 
827077.00 5245459.93 -5035.07 
827327.00 5245709.93 -5022.42 
827577.00 5245709.93 -5006.17 
827827.00 5245959.93 -4992.92 
828077.00 5245959.93 -4976.28 
828327.00 5246209.93 -4962.44 
828577.00 5246209.93 -4945.43 
828827.00 5246459.93 -4930.99 
829077.00 5246459.93 -4913.63 
829327.00 5246709.93 -4898.59 
829577.00 5246709.93 -4880.90 
829827.00 5246959.93 -4865.28 
830077.00 5246959.93 -4847.27 
830327.00 5246959.93 -4829.20 
830577.00 5247209.93 -4812.78 
830827.00 5247209.93 -4794.42 
831077.00 5247459.93 -4777.45 
831327.00 5247459.93 -4758.84 
831577.00 5247709.93 -4741.34 
831827.00 5247709.93 -4722.49 
832077.00 5247959.93 -4704.48 
832327.00 5247959.93 -4685.43 
832577.00 5248209.93 -4666.92 
832827.00 5248209.93 -4647.69 
833077.00 5248459.93 -4628.71 
833327.00 5248459.93 -4609.34 
833577.00 5248709.93 -4589.92 
833827.00 5248709.93 -4570.42 
834077.00 5248709.93 -4550.95 
834327.00 5248959.93 -4531.01 
834577.00 5248959.93 -4511.46 
834827.00 5249209.93 -4491.16 
835077.00 5249209.93 -4471.56 
835327.00 5249459.93 -4450.93 
835577.00 5249459.93 -4431.31 
835827.00 5249709.93 -4410.39 
836077.00 5249709.93 -4390.78 
836327.00 5249959.93 -4369.60 
836577.00 5249959.93 -4350.03 
836827.00 5250209.93 -4328.63 
837077.00 5250209.93 -4309.13 
837327.00 5250209.93 -4289.71 
837577.00 5250459.93 -4268.13 
837827.00 5250459.93 -4248.82 
838077.00 5250709.93 -4227.11 
838327.00 5250709.93 -4207.91 
838577.00 5250959.93 -4186.11 
838827.00 5250959.93 -4167.06 
839077.00 5251209.93 -4145.21 
839327.00 5251209.93 -4126.33 
839577.00 5251459.93 -4104.45 
839827.00 5251459.93 -4085.75 
840077.00 5251709.93 -4063.89 
840327.00 5251709.93 -4045.38 
840577.00 5251959.93 -4023.56 
840827.00 5251959.93 -4005.27 
841077.00 5251959.93 -3987.10 
841327.00 5252209.93 -3965.46 
841577.00 5252209.93 -3947.51 
841827.00 5252459.93 -3925.98 
842077.00 5252459.93 -3908.26 
842327.00 5252709.93 -3886.88 
842577.00 5252709.93 -3869.40 
842827.00 5252959.93 -3848.17 
843077.00 5252959.93 -3830.93 
843327.00 5253209.93 -3809.90 
843577.00 5253209.93 -3792.90 
843827.00 5253459.93 -3772.08 
844077.00 5253459.93 -3755.33 
844327.00 5253709.93 -3734.73 
844577.00 5253709.93 -3718.22 
844827.00 5253709.93 -3701.81 
845077.00 5253959.93 -3681.59 
845327.00 5253959.93 -3665.42 
845577.00 5254209.93 -3645.45 
845827.00 5254209.93 -3629.50 
846077.00 5254459.93 -3609.81 
846327.00 5254459.93 -3594.08 
846577.00 5254709.93 -3574.66 
846827.00 5254709.93 -3559.14 
847077.00 5254959.93 -3540.00 
847327.00 5254959.93 -3524.68 
847577.00 5255209.93 -3505.83 
847827.00 5255209.93 -3490.70 
848077.00 5255209.93 -3475.63 
848327.00 5255459.93 -3457.17 
848577.00 5255459.93 -3442.27 
848827.00 5255709.93 -3424.10 
849077.00 5255709.93 -3409.34 
849327.00 5255959.93 -3391.44 
849577.00 5255959.93 -3376.83 
849827.00 5256209.93 -3359.20 
850077.00 5256209.93 -3344.70 
850327.00 5256459.93 -3327.33 
850577.00 5256459.93 -3312.94 
850827.00 5256709.93 -3295.82 
851077.00 5256709.93 -3281.52 
851327.00 5256959.93 -3264.64 
851577.00 5256959.93 -3250.41 
851827.00 5256959.93 -3236.17 
852077.00 5257209.93 -3219.57 
852327.00 5257209.93 -3205.39 
852577.00 5257459.93 -3188.99 
852827.00 5257459.93 -3174.84 
853077.00 5257709.93 -3158.63 
853327.00 5257709.93 -3144.49 
853577.00 5257959.93 -3128.45 
853827.00 5257959.93 -3114.31 
854077.00 5258209.93 -3098.43 
854327.00 5258209.93 -3084.27 
854577.00 5258459.93 -3068.53 
854827.00 5258459.93 -3054.34 
855077.00 5258709.93 -3038.72 
855327.00 5258709.93 -3024.49 
855577.00 5258709.93 -3010.21 
855827.00 5258959.93 -2994.68 
856077.00 5258959.93 -2980.34 
856327.00 5259209.93 -2964.88 
856577.00 5259209.93 -2950.48 
856827.00 5259459.93 -2935.08 
857077.00 5259459.93 -2920.59 
857327.00 5259709.93 -2905.23 
857577.00 5259709.93 -2890.64 
857827.00 5259959.93 -2875.31 
858077.00 5259959.93 -2860.62 
858327.00 5260209.93 -2845.29 
858577.00 5260209.93 -2830.50 
858827.00 5260459.93 -2815.16 
859077.00 5260459.93 -2800.26 
859327.00 5260459.93 -2785.29 
859577.00 5260709.93 -2769.87 
859827.00 5260709.93 -2754.78 
860077.00 5260959.93 -2739.31 
860327.00 5260959.93 -2724.10 
860577.00 5261209.93 -2708.58 
860827.00 5261209.93 -2693.24 
861077.00 5261459.93 -2677.65 
861327.00 5261459.93 -2662.18 
861577.00 5261709.93 -2646.51 
861827.00 5261709.93 -2630.91 
862077.00 5261959.93 -2615.15 
862327.00 5261959.93 -2599.43 
862577.00 5261959.93 -2583.65 
862827.00 5262209.93 -2567.73 
863077.00 5262209.93 -2551.83 
863327.00 5262459.93 -2535.81 
863577.00 5262459.93 -2519.79 
863827.00 5262709.93 -2503.67 
864077.00 5262709.93 -2487.54 
864327.00 5262959.93 -2471.31 
864577.00 5262959.93 -2455.09 
864827.00 5263209.93 -2438.75 
865077.00 5263209.93 -2422.43 
865327.00 5263459.93 -2405.99 
865577.00 5263459.93 -2389.59 
865827.00 5263709.93 -2373.05 
866077.00 5263709.93 -2356.58 
866327.00 5263709.93 -2340.10 
866577.00 5263959.93 -2323.42 
866827.00 5263959.93 -2306.88 
867077.00 5264209.93 -2290.12 
867327.00 5264209.93 -2273.54 
867577.00 5264459.93 -2256.71 
867827.00 5264459.93 -2240.10 
868077.00 5264709.93 -2223.20 
868327.00 5264709.93 -2206.57 
868577.00 5264959.93 -2189.62 
868827.00 5264959.93 -2172.99 
869077.00 5265209.93 -2156.00 
869327.00 5265209.93 -2139.37 
869577.00 5265459.93 -2122.35 
869827.00 5265459.93 -2105.74 
870077.00 5265459.93 -2089.16 
870327.00 5265709.93 -2072.11 
870577.00 5265709.93 -2055.57 
870827.00 5265959.93 -2038.51 
871077.00 5265959.93 -2022.01 
871327.00 5266209.93 -2004.95 
871577.00 5266209.93 -1988.50 
871827.00 5266459.93 -1971.45 
872077.00 5266459.93 -1955.06 
872327.00 5266709.93 -1938.03 
872577.00 5266709.93 -1921.70 
872827.00 5266959.93 -1904.69 
873077.00 5266959.93 -1888.43 
873327.00 5266959.93 -1872.21 
873577.00 5267209.93 -1855.25 
873827.00 5267209.93 -1839.11 
874077.00 5267459.93 -1822.19 
874327.00 5267459.93 -1806.12 
874577.00 5267709.93 -1789.24 
874827.00 5267709.93 -1773.25 
875077.00 5267959.93 -1756.40 
875327.00 5267959.93 -1740.50 
875577.00 5268209.93 -1723.70 
875827.00 5268209.93 -1707.88 
876077.00 5268459.93 -1691.12 
876327.00 5268459.93 -1675.40 
876577.00 5268709.93 -1658.68 
876827.00 5268709.93 -1643.05 
877077.00 5268709.93 -1627.47 
877327.00 5268959.93 -1610.86 
877577.00 5268959.93 -1595.38 
877827.00 5269209.93 -1578.82 
878077.00 5269209.93 -1563.45 
878327.00 5269459.93 -1546.95 
878577.00 5269459.93 -1531.70 
878827.00 5269709.93 -1515.27 
879077.00 5269709.93 -1500.13 
879327.00 5269959.93 -1483.77 
879577.00 5269959.93 -1468.76 
879827.00 5270209.93 -1452.48 
880077.00 5270209.93 -1437.60 
880327.00 5270459.93 -1421.41 
880577.00 5270459.93 -1406.67 
880827.00 5270459.93 -1392.00 
881077.00 5270709.93 -1375.98 
881327.00 5270709.93 -1361.47 
881577.00 5270959.93 -1345.56 
881827.00 5270959.93 -1331.23 
882077.00 5271209.93 -1315.47 
882327.00 5271209.93 -1301.34 
882577.00 5271459.93 -1285.75 
882827.00 5271459.93 -1271.86 
883077.00 5271709.93 -1256.49 
883327.00 5271709.93 -1242.88 
883577.00 5271959.93 -1227.79 
883827.00 5271959.93 -1214.50 
884077.00 5271959.93 -1201.39 
884327.00 5272209.93 -1186.86 
884577.00 5272209.93 -1174.14 
884827.00 5272459.93 -1160.06 
885077.00 5272459.93 -1147.78 
885327.00 5272709.93 -1134.24 
885577.00 5272709.93 -1122.43 
885827.00 5272959.93 -1109.48 
886077.00 5272959.93 -1098.16 
886327.00 5273209.93 -1085.85 
886577.00 5273209.93 -1075.02 
886827.00 5273459.93 -1063.38 
887077.00 5273459.93 -1053.01 
887327.00 5273709.93 -1042.03 
887577.00 5273709.93 -1032.07 
887827.00 5273709.93 -1022.23 
888077.00 5273959.93 -1012.11 
888327.00 5273959.93 -1002.56 
888577.00 5274209.93 -992.97 
888827.00 5274209.93 -983.62 
889077.00 5274459.93 -974.47 
889327.00 5274459.93 -965.24 
889577.00 5274709.93 -956.44 
889827.00 5274709.93 -947.24 
890077.00 5274959.93 -938.68 
890327.00 5274959.93 -929.43 
890577.00 5275209.93 -921.01 
890827.00 5275209.93 -911.65 
891077.00 5275459.93 -903.27 
891327.00 5275459.93 -893.71 
891577.00 5275459.93 -884.01 
891827.00 5275709.93 -875.41 
892077.00 5275709.93 -865.43 
892327.00 5275959.93 -856.57 
892577.00 5275959.93 -846.28 
892827.00 5276209.93 -837.05 
893077.00 5276209.93 -826.52 
893327.00 5276459.93 -816.90 
893577.00 5276459.93 -806.27 
893827.00 5276709.93 -796.38 
894077.00 5276709.93 -785.89 
894327.00 5276959.93 -775.92 
894577.00 5276959.93 -765.85 
894827.00 5276959.93 -756.13 
895077.00 5277209.93 -746.69 
895327.00 5277209.93 -737.69 
895577.00 5277459.93 -728.81 
895827.00 5277459.93 -720.61 
896077.00 5277709.93 -712.41 
896327.00 5277709.93 -704.96 
896577.00 5277959.93 -697.42 
896827.00 5277959.93 -690.60 
897077.00 5278209.93 -683.57 
897327.00 5278209.93 -677.18 
897577.00 5278459.93 -670.45 
897827.00 5278459.93 -664.32 
898077.00 5278709.93 -657.69 
898327.00 5278709.93 -651.72 
898577.00 5278709.93 -645.80 
898827.00 5278959.93 -639.28 
899077.00 5278959.93 -633.58 
899327.00 5279209.93 -627.03 
899577.00 5279209.93 -621.50 
899827.00 5279459.93 -614.82 
900077.00 5279459.93 -609.31 
900327.00 5279709.93 -602.26 
900577.00 5279709.93 -596.36 
900827.00 5279959.93 -588.49 
901077.00 5279959.93 -582.63 
901327.00 5280209.93 -574.85 
901577.00 5280459.93 -566.38 
901577.00 5280709.93 -564.09 
901827.00 5280959.93 -554.83 
902077.00 5281209.93 -545.16 
902327.00 5281459.93 -535.25 
902577.00 5281709.93 -525.23 
902827.00 5281959.93 -515.21 
902827.00 5282209.93 -512.79 
903077.00 5282459.93 -503.09 
903327.00 5282709.93 -493.57 
903577.00 5282959.93 -484.28 
903827.00 5283209.93 -475.23 
904077.00 5283459.93 -466.46 
904077.00 5283709.93 -465.48 
904327.00 5283959.93 -457.31 
904577.00 5284209.93 -449.45 
904827.00 5284459.93 -441.92 
905077.00 5284709.93 -434.70 
905327.00 5284959.93 -427.81 
905577.00 5285209.93 -421.24 
905577.00 5285459.93 -422.15 
905827.00 5285709.93 -416.17 
906077.00 5285959.93 -410.52 
906327.00 5286209.93 -405.18 
906577.00 5286459.93 -400.16 
906827.00 5286709.93 -395.45 
906827.00 5286959.93 -397.73 
907077.00 5287209.93 -393.58 
907327.00 5287459.93 -389.74 
907577.00 5287709.93 -386.20 
907827.00 5287959.93 -382.95 
908077.00 5288209.93 -379.99 
908327.00 5288459.93 -377.32 
908327.00 5288709.93 -381.06 
908577.00 5288959.93 -378.86 
908827.00 5289209.93 -376.92 
909077.00 5289459.93 -375.24 
909327.00 5289709.93 -373.79 
909577.00 5289959.93 -372.58 
909577.00 5290209.93 -377.35 
909827.00 5290459.93 -376.53 
910077.00 5290709.93 -375.92 
910327.00 5290959.93 -375.52 
910577.00 5291209.93 -375.31 
910827.00 5291459.93 -375.30 
911077.00 5291709.93 -375.48 
911077.00 5291959.93 -381.20 
911327.00 5292209.93 -381.68 
911577.00 5292459.93 -382.35 
911827.00 5292709.93 -383.18 
912077.00 5292959.93 -384.19 
912327.00 5293209.93 -385.35 
912327.00 5293459.93 -391.69 
912577.00 5293709.93 -393.13 
912827.00 5293959.93 -394.71 
913077.00 5294209.93 -396.44 
913327.00 5294459.93 -398.32 
913577.00 5294709.93 -400.35 
913577.00 5294959.93 -407.21 
913827.00 5295209.93 -409.46 
914077.00 5295459.93 -411.84 
914327.00 5295709.93 -414.34 
914577.00 5295959.93 -416.98 
914827.00 5296209.93 -419.73 
915077.00 5296459.93 -422.60 
915077.00 5296709.93 -429.94 
915327.00 5296959.93 -432.99 
915577.00 5297209.93 -436.14 
915827.00 5297459.93 -439.41 
916077.00 5297709.93 -442.77 
916327.00 5297959.93 -446.24 
916327.00 5298209.93 -453.85 
916577.00 5298459.93 -457.46 
916827.00 5298709.93 -461.17 
917077.00 5298959.93 -464.96 
917327.00 5299209.93 -468.85 
917577.00 5299459.93 -472.81 
917827.00 5299709.93 -476.86 
917827.00 5299959.93 -484.63 
918077.00 5300209.93 -488.77 
918327.00 5300459.93 -492.97 
918577.00 5300709.93 -497.22 
918827.00 5300959.93 -501.52 
919077.00 5301209.93 -505.86 
919077.00 5301459.93 -513.54 
919327.00 5301709.93 -517.87 
919577.00 5301959.93 -522.19 
919827.00 5302209.93 -526.50 
920077.00 5302459.93 -530.77 
920327.00 5302709.93 -534.99 
920327.00 5302959.93 -542.23 
920577.00 5303209.93 -546.28 
920827.00 5303459.93 -550.23 
921077.00 5303709.93 -554.05 
921327.00 5303959.93 -557.73 
921577.00 5304209.93 -561.26 
921827.00 5304459.93 -564.61 
921827.00 5304709.93 -570.76 
922077.00 5304959.93 -573.73 
922327.00 5305209.93 -576.48 
922577.00 5305459.93 -579.00 
922827.00 5305709.93 -581.29 
923077.00 5305959.93 -583.34 
923077.00 5306209.93 -588.13 
923327.00 5306459.93 -589.70 
923577.00 5306709.93 -591.02 
923827.00 5306959.93 -592.11 
924077.00 5307209.93 -592.97 
924327.00 5307459.93 -593.62 
924577.00 5307709.93 -594.07 
924577.00 5307959.93 -597.03 
924827.00 5308209.93 -596.93 
925077.00 5308459.93 -596.48 
925327.00 5308709.93 -595.62 
925577.00 5308959.93 -594.26 
925827.00 5309209.93 -592.30 
925827.00 5309459.93 -592.31 
926077.00 5309709.93 -589.16 
926327.00 5309959.93 -585.59 
926327.00 5310209.93 -584.80 
926577.00 5310459.93 -580.99 
926577.00 5310709.93 -580.34 
926827.00 5310959.93 -576.30 
926827.00 5311209.93 -575.82 
926827.00 5311459.93 -575.40 
927077.00 5311709.93 -571.33 
927077.00 5311959.93 -571.08 
927327.00 5312209.93 -566.90 
927327.00 5312459.93 -566.79 
927577.00 5312709.93 -562.52 
927577.00 5312959.93 -562.53 
927577.00 5313209.93 -562.55 
927827.00 5313459.93 -558.30 
927827.00 5313709.93 -558.41 
928077.00 5313959.93 -554.11 
928077.00 5314209.93 -554.31 
928327.00 5314459.93 -550.00 
928327.00 5314709.93 -550.29 
928577.00 5314959.93 -545.98 
928577.00 5315209.93 -546.35 
928577.00 5315459.93 -546.72 
928827.00 5315709.93 -542.50 
928827.00 5315959.93 -542.94 
929077.00 5316209.93 -538.73 
929077.00 5316459.93 -539.24 
929327.00 5316709.93 -535.04 
929327.00 5316959.93 -535.61 
929577.00 5317209.93 -531.42 
929577.00 5317459.93 -532.05 
929577.00 5317709.93 -532.67 
929827.00 5317959.93 -528.56 
929827.00 5318209.93 -529.24 
930077.00 5318459.93 -525.17 
930077.00 5318709.93 -525.91 
930327.00 5318959.93 -521.88 
930327.00 5319209.93 -522.68 
930577.00 5319459.93 -518.70 
930577.00 5319709.93 -519.57 
930577.00 5319959.93 -520.43 
930827.00 5320209.93 -516.59 
930827.00 5320459.93 -517.53 
931077.00 5320709.93 -513.76 
931077.00 5320959.93 -514.77 
931327.00 5321209.93 -511.09 
931327.00 5321459.93 -512.17 
931327.00 5321709.93 -513.26 
931577.00 5321959.93 -509.74 
931577.00 5322209.93 -510.91 
931827.00 5322459.93 -507.49 
931827.00 5322709.93 -508.74 
932077.00 5322959.93 -505.43 
932077.00 5323209.93 -506.76 
932327.00 5323459.93 -503.55 
932327.00 5323709.93 -504.96 
932327.00 5323959.93 -506.39 
932577.00 5324209.93 -503.38 
932577.00 5324459.93 -504.89 
932827.00 5324709.93 -502.00 
932827.00 5324959.93 -503.60 
933077.00 5325209.93 -500.84 
933077.00 5325459.93 -502.53 
933327.00 5325709.93 -499.90 
933327.00 5325959.93 -501.69 
933327.00 5326209.93 -503.49 
933577.00 5326459.93 -501.08 
933577.00 5326709.93 -502.98 
933827.00 5326959.93 -500.71 
933827.00 5327209.93 -502.71 
934077.00 5327459.93 -500.60 
934077.00 5327709.93 -502.70 
934077.00 5327959.93 -504.83 
934327.00 5328209.93 -502.95 
934327.00 5328459.93 -505.18 
934577.00 5328709.93 -503.45 
934577.00 5328959.93 -505.80 
934827.00 5329209.93 -504.23 
934827.00 5329459.93 -506.68 
935077.00 5329709.93 -505.28 
935077.00 5329959.93 -507.84 
935077.00 5330209.93 -510.43 
935327.00 5330459.93 -509.27 
935327.00 5330709.93 -511.97 
935577.00 5330959.93 -510.98 
935577.00 5331209.93 -513.79 
935827.00 5331459.93 -512.97 
935827.00 5331709.93 -515.89 
936077.00 5331959.93 -515.24 
936077.00 5332209.93 -518.26 
936077.00 5332459.93 -521.31 
936327.00 5332709.93 -520.91 
936327.00 5332959.93 -524.07 
936577.00 5333209.93 -523.84 
936577.00 5333459.93 -527.11 
936827.00 5333709.93 -527.05 
936827.00 5333959.93 -530.42 
936827.00 5334209.93 -533.81 
937077.00 5334459.93 -534.00 
937077.00 5334709.93 -537.50 
937327.00 5334959.93 -537.85 
937327.00 5335209.93 -541.45 
937577.00 5335459.93 -541.96 
937577.00 5335709.93 -545.66 
937827.00 5335959.93 -546.35 
937827.00 5336209.93 -550.14 
937827.00 5336459.93 -553.97 
938077.00 5336709.93 -554.88 
938077.00 5336959.93 -558.80 
938327.00 5337209.93 -559.88 
938327.00 5337459.93 -563.89 
938577.00 5337709.93 -565.14 
938577.00 5337959.93 -569.24 
938827.00 5338209.93 -570.65 
938827.00 5338459.93 -574.84 
938827.00 5338709.93 -579.05 
939077.00 5338959.93 -580.69 
939077.00 5339209.93 -584.98 
939327.00 5339459.93 -586.78 
939327.00 5339709.93 -591.17 
939577.00 5339959.93 -593.13 
939577.00 5340209.93 -597.60 
939827.00 5340459.93 -599.72 
939827.00 5340709.93 -604.27 
939827.00 5340959.93 -608.84 
940077.00 5341209.93 -611.19 
940077.00 5341459.93 -615.85 
940327.00 5341709.93 -618.36 
940327.00 5341959.93 -623.09 
940577.00 5342209.93 -625.77 
940577.00 5342459.93 -630.59 
940577.00 5342709.93 -635.42 
940827.00 5342959.93 -638.32 
940827.00 5343209.93 -643.23 
941077.00 5343459.93 -646.30 
941077.00 5343709.93 -651.29 
941327.00 5343959.93 -654.52 
941327.00 5344209.93 -659.59 
941577.00 5344459.93 -662.99 
941577.00 5344709.93 -668.14 
941577.00 5344959.93 -673.29 
941827.00 5345209.93 -676.93 
941827.00 5345459.93 -682.16 
942077.00 5345709.93 -685.96 
942077.00 5345959.93 -691.27 
942327.00 5346209.93 -695.24 
942327.00 5346459.93 -700.63 
942577.00 5346709.93 -704.77 
942577.00 5346959.93 -710.23 
942577.00 5347209.93 -715.70 
942827.00 5347459.93 -720.09 
942827.00 5347709.93 -725.64 
943077.00 5347959.93 -730.21 
943077.00 5348209.93 -735.84 
943327.00 5348459.93 -740.60 
943327.00 5348709.93 -746.31 
943327.00 5348959.93 -752.03 
943577.00 5349209.93 -757.06 
943577.00 5349459.93 -762.86 
943827.00 5349709.93 -768.09 
943827.00 5349959.93 -773.99 
944077.00 5350209.93 -779.43 
944077.00 5350459.93 -785.42 
944327.00 5350709.93 -791.08 
944327.00 5350959.93 -797.18 
944327.00 5351209.93 -803.28 
944577.00 5351459.93 -809.29 
944577.00 5351709.93 -815.50 
944827.00 5351959.93 -821.77 
944827.00 5352209.93 -828.11 
945077.00 5352459.93 -834.67 
945077.00 5352709.93 -841.15 
945327.00 5352959.93 -848.05 
945327.00 5353209.93 -854.68 
945327.00 5353459.93 -861.31 
945577.00 5353709.93 -868.74 
945577.00 5353959.93 -875.51 
945827.00 5354209.93 -883.30 
945827.00 5354459.93 -890.09 
946077.00 5354709.93 -897.96 
946077.00 5354959.93 -904.44 
946077.00 5355209.93 -910.57 
946327.00 5355459.93 -918.29 
946327.00 5355709.93 -924.17 
946327.00 5355959.93 -929.84 
946327.00 5356209.93 -935.49 
946327.00 5356459.93 -941.12 
946577.00 5356709.93 -947.80 
946577.00 5356959.93 -953.42 
946577.00 5357209.93 -959.08 
946577.00 5357459.93 -964.77 
946577.00 5357709.93 -970.49 
946577.00 5357959.93 -976.19 
946827.00 5358209.93 -982.08 
946827.00 5358459.93 -987.62 
946827.00 5358709.93 -993.06 
946827.00 5358959.93 -998.40 
946827.00 5359209.93 -1003.62 
946827.00 5359459.93 -1008.72 
946827.00 5359709.93 -1013.69 
947077.00 5359959.93 -1018.12 
947077.00 5360209.93 -1022.78 
947077.00 5360459.93 -1027.32 
947077.00 5360709.93 -1031.72 
947077.00 5360959.93 -1035.98 
947077.00 5361209.93 -1040.11 
947327.00 5361459.93 -1043.28 
947327.00 5361709.93 -1047.12 
947327.00 5361959.93 -1050.81 
947327.00 5362209.93 -1054.36 
947327.00 5362459.93 -1057.78 
947327.00 5362709.93 -1061.04 
947327.00 5362959.93 -1064.17 
947577.00 5363209.93 -1065.90 
947577.00 5363459.93 -1068.69 
947577.00 5363709.93 -1071.32 
947577.00 5363959.93 -1073.79 
947577.00 5364209.93 -1076.10 
947577.00 5364459.93 -1078.25 
947827.00 5364709.93 -1078.61 
947827.00 5364959.93 -1080.39 
947827.00 5365209.93 -1082.00 
947827.00 5365459.93 -1083.44 
947827.00 5365709.93 -1084.71 
947827.00 5365959.93 -1085.82 
948077.00 5366209.93 -1084.70 
948077.00 5366459.93 -1085.42 
948077.00 5366709.93 -1085.97 
948077.00 5366959.93 -1086.34 
948077.00 5367209.93 -1086.54 
948077.00 5367459.93 -1086.57 
948077.00 5367709.93 -1086.43 
948327.00 5367959.93 -1083.62 
948327.00 5368209.93 -1083.10 
948327.00 5368459.93 -1082.40 
948327.00 5368709.93 -1081.54 
948327.00 5368959.93 -1080.51 
948327.00 5369209.93 -1079.32 
948577.00 5369459.93 -1075.05 
948577.00 5369709.93 -1073.49 
948577.00 5369959.93 -1071.76 
948577.00 5370209.93 -1069.87 
948577.00 5370459.93 -1067.82 
948577.00 5370709.93 -1065.61 
948827.00 5370959.93 -1059.95 
948827.00 5371209.93 -1057.39 
948827.00 5371459.93 -1054.67 
948827.00 5371709.93 -1051.81 
948827.00 5371959.93 -1048.79 
948827.00 5372209.93 -1045.63 
948827.00 5372459.93 -1042.32 
949077.00 5372709.93 -1035.20 
949077.00 5372959.93 -1031.57 
949077.00 5373209.93 -1027.80 
949077.00 5373459.93 -1023.90 
949077.00 5373709.93 -1019.86 
949077.00 5373959.93 -1015.70 
949327.00 5374209.93 -1007.42 
949327.00 5374459.93 -1002.97 
949327.00 5374709.93 -998.40 
949327.00 5374959.93 -993.71 
949327.00 5375209.93 -988.90 
949327.00 5375459.93 -983.98 
949577.00 5375709.93 -974.72 
949577.00 5375959.93 -969.56 
949577.00 5376209.93 -964.30 
949577.00 5376459.93 -958.94 
949577.00 5376709.93 -953.48 
949577.00 5376959.93 -947.93 
949577.00 5377209.93 -942.29 
949827.00 5377459.93 -932.11 
949827.00 5377709.93 -926.29 
949827.00 5377959.93 -920.40 
949827.00 5378209.93 -914.43 
949827.00 5378459.93 -908.39 
949827.00 5378709.93 -902.28 
950077.00 5378959.93 -891.49 
950077.00 5379209.93 -885.26 
950077.00 5379459.93 -878.97 
950077.00 5379709.93 -872.64 
950077.00 5379959.93 -866.26 
950077.00 5380209.93 -859.84 
950327.00 5380459.93 -848.62 
950327.00 5380709.93 -842.12 
950327.00 5380959.93 -835.60 
950327.00 5381209.93 -829.04 
950327.00 5381459.93 -822.47 
950327.00 5381709.93 -815.88 
950327.00 5381959.93 -809.28 
950577.00 5382209.93 -797.80 
950577.00 5382459.93 -791.18 
950577.00 5382709.93 -784.56 
950577.00 5382959.93 -777.95 
950577.00 5383209.93 -771.34 
950577.00 5383459.93 -764.74 
950827.00 5383709.93 -753.19 
950827.00 5383959.93 -746.63 
950827.00 5384209.93 -740.08 
950827.00 5384459.93 -733.56 
950827.00 5384709.93 -727.07 
950827.00 5384959.93 -720.61 
950827.00 5385209.93 -714.19 
951077.00 5385459.93 -702.77 
951077.00 5385709.93 -696.43 
951077.00 5385959.93 -690.14 
951077.00 5386209.93 -683.90 
951077.00 5386459.93 -677.71 
951077.00 5386709.93 -671.58 
951327.00 5386959.93 -660.40 
951327.00 5387209.93 -654.40 
951327.00 5387459.93 -648.45 
951327.00 5387709.93 -642.58 
951327.00 5387959.93 -636.79 
951327.00 5388209.93 -631.06 
951577.00 5388459.93 -620.26 
951577.00 5388709.93 -614.69 
951577.00 5388959.93 -609.21 
951577.00 5389209.93 -603.82 
951577.00 5389459.93 -598.52 
951577.00 5389709.93 -593.31 
951577.00 5389959.93 -588.19 
951827.00 5390209.93 -577.97 
951827.00 5390459.93 -573.05 
951827.00 5390709.93 -568.23 
951827.00 5390959.93 -563.52 
951827.00 5391209.93 -558.91 
951827.00 5391459.93 -554.42 
952077.00 5391709.93 -544.79 
952077.00 5391959.93 -540.52 
952077.00 5392209.93 -536.36 
952077.00 5392459.93 -532.33 
952077.00 5392709.93 -528.41 
952077.00 5392959.93 -524.61 
952327.00 5393209.93 -515.69 
952327.00 5393459.93 -512.14 
952327.00 5393709.93 -508.72 
952327.00 5393959.93 -505.43 
952327.00 5394209.93 -502.26 
952327.00 5394459.93 -499.24 
952327.00 5394709.93 -496.34 
952577.00 5394959.93 -488.34 
952577.00 5395209.93 -485.71 
952577.00 5395459.93 -483.23 
952577.00 5395709.93 -480.89 
952577.00 5395959.93 -478.68 
952577.00 5396209.93 -476.62 
952827.00 5396459.93 -469.50 
952827.00 5396709.93 -467.73 
952827.00 5396959.93 -466.11 
952827.00 5397209.93 -464.63 
952827.00 5397459.93 -463.30 
952827.00 5397709.93 -462.13 
953077.00 5397959.93 -455.96 
953077.00 5398209.93 -455.09 
953077.00 5398459.93 -454.37 
953077.00 5398709.93 -453.81 
953077.00 5398959.93 -453.40 
953077.00 5399209.93 -453.14 
953077.00 5399459.93 -453.04 
953327.00 5399709.93 -448.07 
953327.00 5399959.93 -448.30 
953327.00 5400209.93 -448.68 
953327.00 5400459.93 -449.22 
953327.00 5400709.93 -449.92 
953327.00 5400959.93 -450.78 
953577.00 5401209.93 -446.93 
953577.00 5401459.93 -448.13 
953577.00 5401709.93 -449.49 
953577.00 5401959.93 -451.02 
953577.00 5402209.93 -452.71 
953577.00 5402459.93 -454.56 
953577.00 5402709.93 -456.57 
953827.00 5402959.93 -454.08 
953827.00 5403209.93 -456.46 
953827.00 5403459.93 -459.00 
953827.00 5403709.93 -461.70 
953827.00 5403959.93 -464.57 
953827.00 5404209.93 -467.61 
954077.00 5404459.93 -466.38 
954077.00 5404709.93 -469.79 
954077.00 5404959.93 -473.38 
954077.00 5405209.93 -477.13 
954077.00 5405459.93 -481.05 
954077.00 5405709.93 -485.14 
954327.00 5405959.93 -485.24 
954327.00 5406209.93 -489.72 
954327.00 5406459.93 -494.38 
954327.00 5406709.93 -499.21 
954327.00 5406959.93 -504.21 
954327.00 5407209.93 -509.38 
954327.00 5407459.93 -514.74 
954577.00 5407709.93 -516.47 
954577.00 5407959.93 -522.23 
954577.00 5408209.93 -528.17 
954577.00 5408459.93 -534.29 
954577.00 5408709.93 -540.58 
954577.00 5408959.93 -547.06 
954827.00 5409209.93 -550.28 
954827.00 5409459.93 -557.18 
954827.00 5409709.93 -564.26 
954827.00 5409959.93 -571.53 
954827.00 5410209.93 -578.98 
954827.00 5410459.93 -586.61 
955077.00 5410709.93 -591.39 
955077.00 5410959.93 -599.47 
955077.00 5411209.93 -607.73 
955077.00 5411459.93 -616.18 
955077.00 5411709.93 -624.82 
955077.00 5411959.93 -633.65 
955077.00 5412209.93 -642.67 
955327.00 5412459.93 -649.34 
955327.00 5412709.93 -658.82 
955327.00 5412959.93 -668.49 
955327.00 5413209.93 -678.35 
955327.00 5413459.93 -688.41 
955327.00 5413709.93 -698.67 
955577.00 5413959.93 -707.02 
955577.00 5414209.93 -717.75 
955577.00 5414459.93 -728.68 
955577.00 5414709.93 -739.80 
955577.00 5414959.93 -751.13 
955577.00 5415209.93 -762.65 
955827.00 5415459.93 -772.74 
955827.00 5415709.93 -784.74 
955827.00 5415959.93 -796.95 
955827.00 5416209.93 -809.36 
955827.00 5416459.93 -821.97 
955827.00 5416709.93 -834.79 
955827.00 5416959.93 -847.80 
956077.00 5417209.93 -859.93 
956077.00 5417459.93 -873.44 
956077.00 5417709.93 -887.15 
956077.00 5417959.93 -901.06 
956077.00 5418209.93 -915.18 
956077.00 5418459.93 -929.49 
956327.00 5418709.93 -943.38 
956327.00 5418959.93 -958.19 
956327.00 5419209.93 -973.20 
956327.00 5419459.93 -988.41 
956327.00 5419709.93 -1003.82 
956327.00 5419959.93 -1019.43 
956327.00 5420209.93 -1035.23 
956577.00 5420459.93 -1051.13 
956577.00 5420709.93 -1067.42 
956577.00 5420959.93 -1083.90 
956577.00 5421209.93 -1100.58 
956577.00 5421459.93 -1117.45 
956577.00 5421709.93 -1134.50 
956827.00 5421959.93 -1152.06 
956827.00 5422209.93 -1169.58 
956827.00 5422459.93 -1187.29 
956827.00 5422709.93 -1205.18 
956827.00 5422959.93 -1223.26 
956827.00 5423209.93 -1241.51 
957077.00 5423459.93 -1260.61 
957077.00 5423709.93 -1279.31 
957077.00 5423959.93 -1298.17 
957077.00 5424209.93 -1317.21 
957077.00 5424459.93 -1336.41 
957077.00 5424709.93 -1355.79 
957077.00 5424959.93 -1375.32 
957327.00 5425209.93 -1396.07 
957327.00 5425459.93 -1416.00 
957327.00 5425709.93 -1436.09 
957327.00 5425959.93 -1456.32 
957327.00 5426209.93 -1476.71 
957327.00 5426459.93 -1497.24 
957577.00 5426709.93 -1519.20 
957577.00 5426959.93 -1540.07 
957577.00 5427209.93 -1561.08 
957577.00 5427459.93 -1582.23 
957577.00 5427709.93 -1603.49 
957577.00 5427959.93 -1624.88 
957827.00 5428209.93 -1647.84 
957827.00 5428459.93 -1669.52 
957827.00 5428709.93 -1691.31 
957827.00 5428959.93 -1713.20 
957827.00 5429209.93 -1735.20 
957827.00 5429459.93 -1757.29 
957827.00 5429709.93 -1779.48 
958077.00 5429959.93 -1803.31 
958077.00 5430209.93 -1825.70 
958077.00 5430459.93 -1848.18 
958077.00 5430709.93 -1870.73 
958077.00 5430959.93 -1893.34 
958077.00 5431209.93 -1916.02 
958327.00 5431459.93 -1940.28 
958327.00 5431709.93 -1963.10 
958327.00 5431959.93 -1985.97 
958327.00 5432209.93 -2008.87 
958327.00 5432459.93 -2031.82 
958327.00 5432709.93 -2054.80 
958577.00 5432959.93 -2079.20 
958577.00 5433209.93 -2102.25 
958577.00 5433459.93 -2125.31 
958577.00 5433709.93 -2148.38 
958577.00 5433959.93 -2171.45 
958577.00 5434209.93 -2194.53 
958577.00 5434459.93 -2217.60 
958827.00 5434709.93 -2241.86 
958827.00 5434959.93 -2264.91 
958827.00 5435209.93 -2287.94 
958827.00 5435459.93 -2310.94 
958827.00 5435709.93 -2333.91 
958827.00 5435959.93 -2356.84 
959077.00 5436209.93 -2380.64 
959077.00 5436459.93 -2403.48 
959077.00 5436709.93 -2426.26 
959077.00 5436959.93 -2448.98 
959077.00 5437209.93 -2471.64 
959077.00 5437459.93 -2494.23 
959327.00 5437709.93 -2517.31 
959327.00 5437959.93 -2539.73 
959327.00 5438209.93 -2562.06 
959327.00 5438459.93 -2584.30 
959327.00 5438709.93 -2606.44 
959327.00 5438959.93 -2628.49 
959327.00 5439209.93 -2650.42 
959577.00 5439459.93 -2672.43 
959577.00 5439709.93 -2694.12 
959577.00 5439959.93 -2715.68 
959577.00 5440209.93 -2737.13 
959577.00 5440459.93 -2758.44 
959577.00 5440709.93 -2779.61 
959827.00 5440959.93 -2800.48 
959827.00 5441209.93 -2821.35 
959827.00 5441459.93 -2842.08 
959827.00 5441709.93 -2862.66 
959827.00 5441959.93 -2883.09 
959827.00 5442209.93 -2903.35 
959827.00 5442459.93 -2923.46 
960077.00 5442709.93 -2942.91 
960077.00 5442959.93 -2962.68 
960077.00 5443209.93 -2982.28 
960077.00 5443459.93 -3001.71 
960077.00 5443709.93 -3020.97 
960077.00 5443959.93 -3040.06 
960327.00 5444209.93 -3058.27 
960327.00 5444459.93 -3077.01 
960327.00 5444709.93 -3095.58 
960327.00 5444959.93 -3113.98 
960327.00 5445209.93 -3132.21 
960327.00 5445459.93 -3150.27 
960577.00 5445709.93 -3167.32 
960577.00 5445959.93 -3185.05 
960577.00 5446209.93 -3202.61 
960577.00 5446459.93 -3220.01 
960577.00 5446709.93 -3237.25 
960577.00 5446959.93 -3254.32 
960577.00 5447209.93 -3271.23 
960827.00 5447459.93 -3287.17 
960827.00 5447709.93 -3303.80 
960827.00 5447959.93 -3320.28 
960827.00 5448209.93 -3336.61 
960827.00 5448459.93 -3352.79 
960827.00 5448709.93 -3368.84 
961077.00 5448959.93 -3384.03 
961077.00 5449209.93 -3399.84 
961077.00 5449459.93 -3415.51 
961077.00 5449709.93 -3431.05 
961077.00 5449959.93 -3446.46 
961077.00 5450209.93 -3461.75 
961327.00 5450459.93 -3476.44 
961327.00 5450709.93 -3491.55 
961327.00 5450959.93 -3506.54 
961327.00 5451209.93 -3521.42 
961327.00 5451459.93 -3536.18 
961327.00 5451709.93 -3550.85 
961327.00 5451959.93 -3565.41 
961577.00 5452209.93 -3579.80 
961577.00 5452459.93 -3594.23 
961577.00 5452709.93 -3608.57 
961577.00 5452959.93 -3622.82 
961577.00 5453209.93 -3636.98 
961577.00 5453459.93 -3651.05 
961827.00 5453709.93 -3665.44 
961827.00 5453959.93 -3679.44 
961827.00 5454209.93 -3693.36 
961827.00 5454459.93 -3707.21 
961827.00 5454709.93 -3720.98 
961827.00 5454959.93 -3734.69 
962077.00 5455209.93 -3749.31 
962077.00 5455459.93 -3763.00 
962077.00 5455709.93 -3776.63 
962077.00 5455959.93 -3790.20 
962077.00 5456209.93 -3803.74 
962077.00 5456459.93 -3817.22 
962077.00 5456709.93 -3830.68 
962327.00 5456959.93 -3845.85 
962327.00 5457209.93 -3859.35 
962327.00 5457459.93 -3872.83 
962327.00 5457709.93 -3886.30 
962327.00 5457959.93 -3899.76 
962327.00 5458209.93 -3913.21 
962577.00 5458459.93 -3929.18 
962577.00 5458709.93 -3942.77 
962577.00 5458959.93 -3956.39 
962577.00 5459209.93 -3970.03 
962577.00 5459459.93 -3983.71 
962577.00 5459709.93 -3997.45 
962577.00 5459959.93 -4011.24 
962827.00 5460209.93 -4028.48 
962827.00 5460459.93 -4042.53 
962827.00 5460709.93 -4056.68 
962827.00 5460959.93 -4070.93 
962827.00 5461209.93 -4085.30 
962827.00 5461459.93 -4099.80 
963077.00 5461709.93 -4118.47 
963077.00 5461959.93 -4133.35 
963077.00 5462209.93 -4148.40 
963077.00 5462459.93 -4163.63 
963077.00 5462709.93 -4179.06 
963077.00 5462959.93 -4194.70 
963327.00 5463209.93 -4215.05 
963327.00 5463459.93 -4231.19 
963327.00 5463709.93 -4247.57 
963327.00 5463959.93 -4264.21 
963327.00 5464209.93 -4281.13 
963327.00 5464459.93 -4298.34 
963327.00 5464709.93 -4315.85 
963577.00 5464959.93 -4338.27 
963577.00 5465209.93 -4356.38 
963577.00 5465459.93 -4374.80 
963577.00 5465709.93 -4393.56 
963577.00 5465959.93 -4412.67 
963577.00 5466209.93 -4432.13 
963827.00 5466459.93 -4456.22 
963827.00 5466709.93 -4476.28 
963827.00 5466959.93 -4496.69 
963827.00 5467209.93 -4517.46 
963827.00 5467459.93 -4538.59 
963827.00 5467709.93 -4560.08 
964077.00 5467959.93 -4585.46 
964077.00 5468209.93 -4607.47 
964077.00 5468459.93 -4629.82 
964077.00 5468709.93 -4652.50 
964077.00 5468959.93 -4675.52 
964077.00 5469209.93 -4698.85 
964077.00 5469459.93 -4722.51 
964327.00 5469709.93 -4748.65 
964327.00 5469959.93 -4772.67 
964327.00 5470209.93 -4796.97 
964327.00 5470459.93 -4821.55 
964327.00 5470709.93 -4846.40 
964327.00 5470959.93 -4871.52 
964577.00 5471209.93 -4897.64 
964577.00 5471459.93 -4922.98 
964577.00 5471709.93 -4948.55 
964577.00 5471959.93 -4974.37 
964577.00 5472209.93 -5000.41 
964577.00 5472459.93 -5026.69 
964827.00 5472709.93 -5052.10 
964827.00 5472959.93 -5078.44 
964827.00 5473209.93 -5104.97 
964827.00 5473459.93 -5131.68 
964827.00 5473709.93 -5158.58 
964827.00 5473959.93 -5185.63 
964827.00 5474209.93 -5212.84 
965077.00 5474459.93 -5236.22 
965077.00 5474709.93 -5263.16 
965077.00 5474959.93 -5290.18 
965077.00 5475209.93 -5317.25 
965077.00 5475459.93 -5344.34 
965077.00 5475709.93 -5371.43 
965327.00 5475959.93 -5391.40 
965327.00 5476209.93 -5417.78 
965327.00 5476459.93 -5444.05 
965327.00 5476709.93 -5470.17 
965327.00 5476959.93 -5496.10 
965327.00 5477209.93 -5521.80 
965327.00 5477459.93 -5547.23 
965577.00 5477709.93 -5561.26 
965577.00 5477959.93 -5585.44 
965577.00 5478209.93 -5609.24 
965577.00 5478459.93 -5632.62 
965577.00 5478709.93 -5655.56 
965577.00 5478959.93 -5678.02 
965827.00 5479209.93 -5685.72 
965827.00 5479459.93 -5706.56 
965827.00 5479709.93 -5726.83 
965827.00 5479959.93 -5746.50 
965827.00 5480209.93 -5765.53 
965827.00 5480459.93 -5783.89 
966077.00 5480709.93 -5784.90 
966077.00 5480959.93 -5801.44 
966077.00 5481209.93 -5817.25 
966077.00 5481459.93 -5832.30 
966077.00 5481709.93 -5846.58 
966077.00 5481959.93 -5860.05 
966077.00 5482209.93 -5872.71 
966327.00 5482459.93 -5866.29 
966327.00 5482709.93 -5877.08 
966327.00 5482959.93 -5887.04 
966327.00 5483209.93 -5896.16 
966327.00 5483459.93 -5904.45 
966327.00 5483709.93 -5911.91 
966577.00 5483959.93 -5900.36 
966577.00 5484209.93 -5906.19 
966577.00 5484459.93 -5911.26 
966577.00 5484709.93 -5915.59 
966577.00 5484959.93 -5919.18 
966577.00 5485209.93 -5922.09 
966827.00 5485459.93 -5907.37 
966827.00 5485709.93 -5909.18 
966827.00 5485959.93 -5910.43 
966827.00 5486209.93 -5911.16 
966827.00 5486459.93 -5911.40 
966827.00 5486709.93 -5911.21 
966827.00 5486959.93 -5910.63 
967077.00 5487209.93 -5895.10 
967077.00 5487459.93 -5894.21 
967077.00 5487709.93 -5893.09 
967077.00 5487959.93 -5891.79 
967077.00 5488209.93 -5890.35 
967077.00 5488459.93 -5888.83 
967327.00 5488709.93 -5875.08 
967327.00 5488959.93 -5873.87 
967327.00 5489209.93 -5872.72 
967327.00 5489459.93 -5871.67 
967327.00 5489709.93 -5870.76 
967327.00 5489959.93 -5870.05 
967577.00 5490209.93 -5859.62 
967577.00 5490459.93 -5859.69 
967577.00 5490709.93 -5860.06 
967577.00 5490959.93 -5860.76 
967577.00 5491209.93 -5861.81 
967577.00 5491459.93 -5863.25 
967577.00 5491709.93 -5865.09 
967827.00 5491959.93 -5859.47 
967827.00 5492209.93 -5862.39 
967827.00 5492459.93 -5865.74 
967827.00 5492709.93 -5869.54 
967827.00 5492959.93 -5873.79 
967827.00 5493209.93 -5878.49 
968077.00 5493459.93 -5877.21 
968077.00 5493709.93 -5882.99 
968077.00 5493959.93 -5889.19 
968077.00 5494209.93 -5895.83 
968077.00 5494459.93 -5902.88 
968077.00 5494709.93 -5910.34 
968327.00 5494959.93 -5913.30 
968327.00 5495209.93 -5921.79 
968327.00 5495459.93 -5930.68 
968327.00 5495709.93 -5939.96 
968327.00 5495959.93 -5949.64 
968327.00 5496209.93 -5959.70 
968327.00 5496459.93 -5970.17 
968577.00 5496709.93 -5978.58 
968577.00 5496959.93 -5990.27 
968577.00 5497209.93 -6002.40 
968577.00 5497459.93 -6014.99 
968577.00 5497709.93 -6028.06 
968577.00 5497959.93 -6041.63 
968827.00 5498209.93 -6056.17 
968827.00 5498459.93 -6071.30 
968827.00 5498709.93 -6087.01 
968827.00 5498959.93 -6103.31 
968827.00 5499209.93 -6120.22 
968827.00 5499459.93 -6137.75 
968827.00 5499709.93 -6155.92 
969077.00 5499959.93 -6179.23 
969077.00 5500209.93 -6199.30 
969077.00 5500459.93 -6220.05 
969077.00 5500709.93 -6241.47 
969077.00 5500959.93 -6263.56 
969077.00 5501209.93 -6286.32 
969327.00 5501459.93 -6318.12 
969327.00 5501709.93 -6342.91 
969327.00 5501959.93 -6368.38 
969327.00 5502209.93 -6394.51 
969327.00 5502459.93 -6421.31 
969327.00 5502709.93 -6448.76 
969577.00 5502959.93 -6489.77 
969577.00 5503209.93 -6519.40 
969577.00 5503459.93 -6549.73 
969577.00 5503709.93 -6580.77 
969577.00 5503959.93 -6612.56 
969577.00 5504209.93 -6645.10 
969577.00 5504459.93 -6678.44 
969827.00 5504709.93 -6731.95 
969827.00 5504959.93 -6768.00 
969827.00 5505209.93 -6804.97 
969827.00 5505459.93 -6842.87 
969827.00 5505709.93 -6881.75 
969827.00 5505959.93 -6921.61 
970077.00 5506209.93 -6987.78 
970077.00 5506459.93 -7030.69 
970077.00 5506709.93 -7074.61 
970077.00 5506959.93 -7119.55 
970077.00 5507209.93 -7165.51 
970077.00 5507459.93 -7212.48 
970327.00 5507709.93 -7291.62 
970327.00 5507959.93 -7341.58 
970327.00 5508209.93 -7392.52 
970327.00 5508459.93 -7444.45 
970327.00 5508709.93 -7497.37 
970327.00 5508959.93 -7551.26 
970327.00 5509209.93 -7606.13 
970577.00 5509459.93 -7698.25 
970577.00 5509709.93 -7755.49 
970577.00 5509959.93 -7813.57 
970577.00 5510209.93 -7872.45 
970577.00 5510459.93 -7932.08 
970577.00 5510709.93 -7992.37 
970827.00 5510959.93 -8088.37 
970827.00 5511209.93 -8148.63 
970827.00 5511459.93 -8208.69 
970827.00 5511709.93 -8268.23 
970827.00 5511959.93 -8326.82 
970827.00 5512209.93 -8384.00 
971077.00 5512459.93 -8464.61 
971077.00 5512709.93 -8514.94 
971077.00 5512959.93 -8561.99 
971077.00 5513209.93 -8605.23 
971077.00 5513459.93 -8644.09 
971077.00 5513709.93 -8678.04 
971077.00 5513959.93 -8706.55 
971327.00 5514209.93 -8735.47 
971327.00 5514459.93 -8748.58 
971327.00 5514709.93 -8755.00 
971327.00 5514959.93 -8754.52 
971327.00 5515209.93 -8747.04 
971327.00 5515459.93 -8732.60 
971577.00 5515709.93 -8703.01 
971577.00 5515959.93 -8673.02 
971577.00 5516209.93 -8637.23 
971577.00 5516459.93 -8596.24 
971577.00 5516709.93 -8550.71 
971577.00 5516959.93 -8501.48 
971577.00 5517209.93 -8449.46 
971827.00 5517459.93 -8381.88 
971827.00 5517709.93 -8328.17 
971827.00 5517959.93 -8275.79 
971827.00 5518209.93 -8226.17 
971827.00 5518459.93 -8180.85 
971827.00 5518709.93 -8141.36 
972077.00 5518959.93 -8101.64 
972077.00 5519209.93 -8078.40 
972077.00 5519459.93 -8063.09 
972077.00 5519709.93 -8055.12 
972077.00 5519959.93 -8053.33 
972077.00 5520209.93 -8056.27 
972327.00 5520459.93 -8057.28 
972327.00 5520709.93 -8066.52 
972327.00 5520959.93 -8076.49 
972327.00 5521209.93 -8085.81 
972327.00 5521459.93 -8092.86 
972327.00 5521709.93 -8095.72 
972327.00 5521959.93 -8092.07 
972577.00 5522209.93 -8066.82 
972577.00 5522459.93 -8041.07 
972577.00 5522709.93 -8015.36 
972577.00 5522959.93 -8000.16 
972577.00 5523209.93 -7969.33 
972577.00 5523459.93 -7937.72 
972577.00 5523709.93 -7929.35 
972577.00 5523959.93 -7912.74 
972577.00 5524209.93 -7896.94 
972327.00 5524459.93 -7895.95 
972327.00 5524709.93 -7882.71 
972077.00 5524959.93 -7880.88 
972077.00 5525209.93 -7870.09 
972077.00 5525459.93 -7860.81 
971827.00 5525709.93 -7859.60 
971827.00 5525959.93 -7852.84 
971827.00 5526209.93 -7847.57 
971577.00 5526459.93 -7848.47 
971577.00 5526709.93 -7845.81 
971327.00 5526959.93 -7848.03 
971327.00 5527209.93 -7847.68 
971327.00 5527459.93 -7848.42 
971077.00 5527709.93 -7852.66 
971077.00 5527959.93 -7855.12 
970827.00 5528209.93 -7860.10 
970827.00 5528459.93 -7863.91 
970827.00 5528709.93 -7868.34 
970577.00 5528959.93 -7874.11 
970577.00 5529209.93 -7879.37 
970577.00 5529459.93 -7885.04 
970327.00 5529709.93 -7890.86 
970327.00 5529959.93 -7896.92 
970077.00 5530209.93 -7902.27 
970077.00 5530459.93 -7908.52 
970077.00 5530709.93 -7914.93 
969827.00 5530959.93 -7919.52 
969827.00 5531209.93 -7925.92 
969827.00 5531459.93 -7932.39 
969577.00 5531709.93 -7936.03 
969577.00 5531959.93 -7942.38 
969327.00 5532209.93 -7945.22 
969327.00 5532459.93 -7951.40 
969327.00 5532709.93 -7957.61 
969077.00 5532959.93 -7959.48 
969077.00 5533209.93 -7965.50 
969077.00 5533459.93 -7971.52 
968827.00 5533709.93 -7972.46 
968827.00 5533959.93 -7978.29 
968577.00 5534209.93 -7978.53 
968577.00 5534459.93 -7984.15 
968577.00 5534709.93 -7989.74 
968327.00 5534959.93 -7989.11 
968327.00 5535209.93 -7994.48 
968327.00 5535459.93 -7999.81 
968077.00 5535709.93 -7998.29 
968077.00 5535959.93 -8003.38 
967827.00 5536209.93 -8001.18 
967827.00 5536459.93 -8005.99 
967827.00 5536709.93 -8010.75 
967577.00 5536959.93 -8007.64 
967577.00 5537209.93 -8012.11 
967577.00 5537459.93 -8016.50 
967327.00 5537709.93 -8012.48 
967327.00 5537959.93 -8016.56 
967077.00 5538209.93 -8011.84 
967077.00 5538459.93 -8015.61 
967077.00 5538709.93 -8019.29 
966827.00 5538959.93 -8013.65 
966827.00 5539209.93 -8017.01 
966577.00 5539459.93 -8010.68 
966577.00 5539709.93 -8013.72 
966577.00 5539959.93 -8016.66 
966327.00 5540209.93 -8009.44 
966327.00 5540459.93 -8012.06 
966327.00 5540709.93 -8014.58 
966077.00 5540959.93 -8006.48 
966077.00 5541209.93 -8008.69 
965827.00 5541459.93 -7999.96 
965827.00 5541709.93 -8001.86 
965827.00 5541959.93 -8003.66 
965577.00 5542209.93 -7994.12 
965577.00 5542459.93 -7995.62 
965577.00 5542709.93 -7997.03 
965327.00 5542959.93 -7986.72 
965327.00 5543209.93 -7987.85 
965077.00 5543459.93 -7976.98 
965077.00 5543709.93 -7977.84 
965077.00 5543959.93 -7978.61 
964827.00 5544209.93 -7967.05 
964827.00 5544459.93 -7967.56 
964827.00 5544709.93 -7967.99 
964577.00 5544959.93 -7955.78 
964577.00 5545209.93 -7955.97 
964327.00 5545459.93 -7943.30 
964327.00 5545709.93 -7943.26 
964327.00 5545959.93 -7943.16 
964077.00 5546209.93 -7929.90 
964077.00 5546459.93 -7929.58 
964077.00 5546709.93 -7929.20 
963827.00 5546959.93 -7915.41 
963827.00 5547209.93 -7914.82 
963577.00 5547459.93 -7900.66 
963577.00 5547709.93 -7899.89 
963577.00 5547959.93 -7899.07 
963327.00 5548209.93 -7884.43 
963327.00 5548459.93 -7883.44 
963327.00 5548709.93 -7882.40 
963077.00 5548959.93 -7867.32 
963077.00 5549209.93 -7866.13 
962827.00 5549459.93 -7850.75 
962827.00 5549709.93 -7849.42 
962827.00 5549959.93 -7848.04 
962577.00 5550209.93 -7832.29 
962577.00 5550459.93 -7830.79 
962577.00 5550709.93 -7829.25 
962327.00 5550959.93 -7813.17 
962327.00 5551209.93 -7811.51 
962077.00 5551459.93 -7795.20 
962077.00 5551709.93 -7793.45 
962077.00 5551959.93 -7791.67 
961827.00 5552209.93 -7775.08 
961827.00 5552459.93 -7773.21 
961577.00 5552709.93 -7756.43 
961577.00 5552959.93 -7754.49 
961577.00 5553209.93 -7752.53 
961327.00 5553459.93 -7735.53 
961327.00 5553709.93 -7733.52 
961327.00 5553959.93 -7731.49 
961077.00 5554209.93 -7714.30 
961077.00 5554459.93 -7712.23 
960827.00 5554709.93 -7694.91 
960827.00 5554959.93 -7692.81 
960827.00 5555209.93 -7690.70 
960577.00 5555459.93 -7673.24 
960577.00 5555709.93 -7671.12 
960577.00 5555959.93 -7669.00 
960327.00 5556209.93 -7651.44 
960327.00 5556459.93 -7649.31 
960077.00 5556709.93 -7631.69 
960077.00 5556959.93 -7629.57 
960077.00 5557209.93 -7627.45 
959827.00 5557459.93 -7609.78 
959827.00 5557709.93 -7607.68 
959827.00 5557959.93 -7605.60 
959577.00 5558209.93 -7587.91 
959577.00 5558459.93 -7585.86 
959327.00 5558709.93 -7568.14 
959327.00 5558959.93 -7566.14 
959327.00 5559209.93 -7564.16 
959077.00 5559459.93 -7546.47 
959077.00 5559709.93 -7544.54 
959077.00 5559959.93 -7542.63 
958827.00 5560209.93 -7525.00 
958827.00 5560459.93 -7523.16 
958577.00 5560709.93 -7505.55 
958577.00 5560959.93 -7503.79 
958577.00 5561209.93 -7502.05 
958327.00 5561459.93 -7484.54 
958327.00 5561709.93 -7482.89 
958327.00 5561959.93 -7481.27 
958077.00 5562209.93 -7463.89 
958077.00 5562459.93 -7462.36 
957827.00 5562709.93 -7445.06 
957827.00 5562959.93 -7443.64 
957827.00 5563209.93 -7442.25 
957577.00 5563459.93 -7425.11 
957577.00 5563709.93 -7423.83 
957577.00 5563959.93 -7422.60 
957327.00 5564209.93 -7405.64 
957327.00 5564459.93 -7404.52 
957077.00 5564709.93 -7387.68 
957077.00 5564959.93 -7386.69 
957077.00 5565209.93 -7385.75 
956827.00 5565459.93 -7369.13 
956827.00 5565709.93 -7368.31 
956577.00 5565959.93 -7351.84 
956577.00 5566209.93 -7351.16 
956577.00 5566459.93 -7350.53 
956327.00 5566709.93 -7334.31 
956327.00 5566959.93 -7333.82 
956327.00 5567209.93 -7333.38 
956077.00 5567459.93 -7317.43 
956077.00 5567709.93 -7317.13 
955827.00 5567959.93 -7301.36 
955827.00 5568209.93 -7301.22 
955827.00 5568459.93 -7301.12 
955577.00 5568709.93 -7285.65 
955577.00 5568959.93 -7285.70 
955577.00 5569209.93 -7285.81 
955327.00 5569459.93 -7270.65 
955327.00 5569709.93 -7270.91 
955077.00 5569959.93 -7255.97 
955077.00 5570209.93 -7256.39 
955077.00 5570459.93 -7256.86 
954827.00 5570709.93 -7242.25 
954827.00 5570959.93 -7242.88 
954827.00 5571209.93 -7243.56 
954577.00 5571459.93 -7229.29 
954577.00 5571709.93 -7230.13 
954327.00 5571959.93 -7216.11 
954327.00 5572209.93 -7217.12 
954327.00 5572459.93 -7218.17 
954077.00 5572709.93 -7204.52 
954077.00 5572959.93 -7205.73 
954077.00 5573209.93 -7206.98 
953827.00 5573459.93 -7193.71 
953827.00 5573709.93 -7195.14 
953577.00 5573959.93 -7182.13 
953577.00 5574209.93 -7183.72 
953577.00 5574459.93 -7185.34 
953327.00 5574709.93 -7172.74 
953327.00 5574959.93 -7174.53 
953327.00 5575209.93 -7176.36 
953077.00 5575459.93 -7164.17 
953077.00 5575709.93 -7166.16 
952827.00 5575959.93 -7154.26 
952827.00 5576209.93 -7156.42 
952827.00 5576459.93 -7158.61 
952577.00 5576709.93 -7147.14 
952577.00 5576959.93 -7149.50 
952577.00 5577209.93 -7151.89 
952327.00 5577459.93 -7140.85 
952327.00 5577709.93 -7143.40 
952077.00 5577959.93 -7132.68 
952077.00 5578209.93 -7135.39 
952077.00 5578459.93 -7138.14 
951827.00 5578709.93 -7127.87 
951827.00 5578959.93 -7130.77 
951577.00 5579209.93 -7120.83 
951577.00 5579459.93 -7123.89 
951577.00 5579709.93 -7126.97 
951327.00 5579959.93 -7117.50 
951327.00 5580209.93 -7120.74 
951327.00 5580459.93 -7123.99 
951077.00 5580709.93 -7115.00 
951077.00 5580959.93 -7118.40 
950827.00 5581209.93 -7109.76 
950827.00 5581459.93 -7113.31 
950827.00 5581709.93 -7116.86 
950577.00 5581959.93 -7108.70 
950577.00 5582209.93 -7112.39 
950577.00 5582459.93 -7116.09 
950327.00 5582709.93 -7108.41 
950327.00 5582959.93 -7112.23 
950077.00 5583209.93 -7104.92 
950077.00 5583459.93 -7108.86 
950077.00 5583709.93 -7112.79 
949827.00 5583959.93 -7105.95 
949827.00 5584209.93 -7109.99 
949827.00 5584459.93 -7114.01 
949577.00 5584709.93 -7107.65 
949577.00 5584959.93 -7111.76 
949327.00 5585209.93 -7105.74 
949327.00 5585459.93 -7109.93 
949327.00 5585709.93 -7114.09 
949077.00 5585959.93 -7108.52 
949077.00 5586209.93 -7112.75 
949077.00 5586459.93 -7116.92 
948827.00 5586709.93 -7111.78 
948827.00 5586959.93 -7116.00 
948577.00 5587209.93 -7111.19 
948577.00 5587459.93 -7115.43 
948577.00 5587709.93 -7119.61 
948327.00 5587959.93 -7115.18 
948327.00 5588209.93 -7119.37 
948327.00 5588459.93 -7123.47 
948077.00 5588709.93 -7119.40 
948077.00 5588959.93 -7123.48 
947827.00 5589209.93 -7119.68 
947827.00 5589459.93 -7123.72 
947827.00 5589709.93 -7127.67 
947577.00 5589959.93 -7124.16 
947577.00 5590209.93 -7128.03 
947577.00 5590459.93 -7131.80 
947327.00 5590709.93 -7128.53 
947327.00 5590959.93 -7132.20 
947077.00 5591209.93 -7129.12 
947077.00 5591459.93 -7132.67 
947077.00 5591709.93 -7136.08 
946827.00 5591959.93 -7133.16 
946827.00 5592209.93 -7136.42 
946577.00 5592459.93 -7133.63 
946577.00 5592709.93 -7136.72 
946577.00 5592959.93 -7139.64 
946327.00 5593209.93 -7136.90 
946327.00 5593459.93 -7139.62 
946327.00 5593709.93 -7142.16 
946077.00 5593959.93 -7139.42 
946077.00 5594209.93 -7141.71 
945827.00 5594459.93 -7138.97 
945827.00 5594709.93 -7141.01 
945827.00 5594959.93 -7142.85 
945577.00 5595209.93 -7139.98 
945577.00 5595459.93 -7141.52 
945577.00 5595709.93 -7142.86 
945327.00 5595959.93 -7139.81 
945327.00 5596209.93 -7140.82 
945077.00 5596459.93 -7137.64 
945077.00 5596709.93 -7138.32 
945077.00 5596959.93 -7138.79 
944827.00 5597209.93 -7135.31 
944827.00 5597459.93 -7135.41 
944827.00 5597709.93 -7135.30 
944577.00 5597959.93 -7131.48 
944577.00 5598209.93 -7130.99 
944327.00 5598459.93 -7126.94 
944327.00 5598709.93 -7126.07 
944327.00 5598959.93 -7124.99 
944077.00 5599209.93 -7120.52 
944077.00 5599459.93 -7119.05 
944077.00 5599709.93 -7117.38 
943827.00 5599959.93 -7112.46 
943827.00 5600209.93 -7110.40 
943577.00 5600459.93 -7105.19 
943577.00 5600709.93 -7102.76 
943577.00 5600959.93 -7100.13 
943327.00 5601209.93 -7094.44 
943327.00 5601459.93 -7091.45 
943327.00 5601709.93 -7088.27 
943077.00 5601959.93 -7082.11 
943077.00 5602209.93 -7078.58 
942827.00 5602459.93 -7072.12 
942827.00 5602709.93 -7068.25 
942827.00 5602959.93 -7064.21 
942577.00 5603209.93 -7057.28 
942577.00 5603459.93 -7052.92 
942577.00 5603709.93 -7048.42 
942327.00 5603959.93 -7041.02 
942327.00 5604209.93 -7036.21 
942077.00 5604459.93 -7028.51 
942077.00 5604709.93 -7023.41 
942077.00 5604959.93 -7018.18 
941827.00 5605209.93 -7010.03 
941827.00 5605459.93 -7004.52 
941577.00 5605709.93 -6996.08 
941577.00 5605959.93 -6990.31 
941577.00 5606209.93 -6984.41 
941327.00 5606459.93 -6975.54 
941327.00 5606709.93 -6969.39 
941327.00 5606959.93 -6963.13 
941077.00 5607209.93 -6953.83 
941077.00 5607459.93 -6947.33 
940827.00 5607709.93 -6937.75 
940827.00 5607959.93 -6931.00 
940827.00 5608209.93 -6924.15 
940577.00 5608459.93 -6914.16 
940577.00 5608709.93 -6907.08 
940577.00 5608959.93 -6899.90 
940327.00 5609209.93 -6889.49 
940327.00 5609459.93 -6882.08 
940077.00 5609709.93 -6871.40 
940077.00 5609959.93 -6863.77 
940077.00 5610209.93 -6856.04 
939827.00 5610459.93 -6844.97 
939827.00 5610709.93 -6837.02 
939827.00 5610959.93 -6828.99 
939577.00 5611209.93 -6817.53 
939577.00 5611459.93 -6809.29 
939327.00 5611709.93 -6797.57 
939327.00 5611959.93 -6789.13 
939327.00 5612209.93 -6780.60 
939077.00 5612459.93 -6768.54 
939077.00 5612709.93 -6759.82 
939077.00 5612959.93 -6751.03 
938827.00 5613209.93 -6738.63 
938827.00 5613459.93 -6729.66 
938577.00 5613709.93 -6717.06 
938577.00 5613959.93 -6707.93 
938577.00 5614209.93 -6698.73 
938327.00 5614459.93 -6685.85 
938327.00 5614709.93 -6676.51 
938327.00 5614959.93 -6667.11 
938077.00 5615209.93 -6653.99 
938077.00 5615459.93 -6644.47 
937827.00 5615709.93 -6631.22 
937827.00 5615959.93 -6621.59 
937827.00 5616209.93 -6611.93 
937577.00 5616459.93 -6598.51 
937577.00 5616709.93 -6588.77 
937327.00 5616959.93 -6575.29 
937327.00 5617209.93 -6565.48 
937327.00 5617459.93 -6555.66 
937077.00 5617709.93 -6542.11 
937077.00 5617959.93 -6532.26 
937077.00 5618209.93 -6522.41 
936827.00 5618459.93 -6508.85 
936827.00 5618709.93 -6499.00 
936577.00 5618959.93 -6485.49 
936577.00 5619209.93 -6475.66 
936577.00 5619459.93 -6465.86 
936327.00 5619709.93 -6452.44 
936327.00 5619959.93 -6442.70 
936327.00 5620209.93 -6433.00 
936077.00 5620459.93 -6419.74 
936077.00 5620709.93 -6410.13 
935827.00 5620959.93 -6397.03 
935827.00 5621209.93 -6387.53 
935827.00 5621459.93 -6378.09 
935577.00 5621709.93 -6365.26 
935577.00 5621959.93 -6355.96 
935577.00 5622209.93 -6346.73 
935327.00 5622459.93 -6334.22 
935327.00 5622709.93 -6325.16 
935077.00 5622959.93 -6312.92 
935077.00 5623209.93 -6304.04 
935077.00 5623459.93 -6295.25 
934827.00 5623709.93 -6283.42 
934827.00 5623959.93 -6274.83 
934827.00 5624209.93 -6266.35 
934577.00 5624459.93 -6254.96 
934577.00 5624709.93 -6246.69 
934327.00 5624959.93 -6235.68 
934327.00 5625209.93 -6227.64 
934327.00 5625459.93 -6219.71 
934077.00 5625709.93 -6209.21 
934077.00 5625959.93 -6201.52 
934077.00 5626209.93 -6193.96 
933827.00 5626459.93 -6183.99 
933827.00 5626709.93 -6176.68 
933577.00 5626959.93 -6167.15 
933577.00 5627209.93 -6160.09 
933577.00 5627459.93 -6153.16 
933327.00 5627709.93 -6144.22 
933327.00 5627959.93 -6137.55 
933327.00 5628209.93 -6131.01 
933077.00 5628459.93 -6122.69 
933077.00 5628709.93 -6116.43 
932827.00 5628959.93 -6108.62 
932827.00 5629209.93 -6102.63 
932827.00 5629459.93 -6096.77 
932577.00 5629709.93 -6089.64 
932577.00 5629959.93 -6084.08 
932327.00 5630209.93 -6077.53 
932327.00 5630459.93 -6072.26 
932327.00 5630709.93 -6067.14 
932077.00 5630959.93 -6061.38 
932077.00 5631209.93 -6056.58 
932077.00 5631459.93 -6051.94 
931827.00 5631709.93 -6047.06 
931827.00 5631959.93 -6042.78 
931577.00 5632209.93 -6038.67 
931577.00 5632459.93 -6034.80 
931577.00 5632709.93 -6031.12 
931327.00 5632959.93 -6028.12 
931327.00 5633209.93 -6024.91 
931327.00 5633459.93 -6021.93 
931077.00 5633709.93 -6020.26 
931077.00 5633959.93 -6017.84 
930827.00 5634209.93 -6017.38 
930827.00 5634459.93 -6015.62 
930827.00 5634709.93 -6014.19 
930577.00 5634959.93 -6015.58 
930577.00 5635209.93 -6014.98 
930577.00 5635459.93 -6014.79 
930327.00 5635709.93 -6018.45 
930327.00 5635959.93 -6019.31 
930077.00 5636209.93 -6025.03 
930077.00 5636459.93 -6027.13 
930077.00 5636709.93 -6029.81 
929827.00 5636959.93 -6038.67 
929827.00 5637209.93 -6042.83 
929827.00 5637459.93 -6047.67 
929577.00 5637709.93 -6060.07 
929577.00 5637959.93 -6066.57 
929327.00 5638209.93 -6081.74 
929327.00 5638459.93 -6089.94 
929327.00 5638709.93 -6098.89 
929077.00 5638959.93 -6117.73 
929077.00 5639209.93 -6128.38 
929077.00 5639459.93 -6139.77 
928827.00 5639709.93 -6162.11 
928827.00 5639959.93 -6175.12 
928577.00 5640209.93 -6199.82 
928577.00 5640459.93 -6214.34 
928577.00 5640709.93 -6229.50 
928327.00 5640959.93 -6256.77 
928327.00 5641209.93 -6272.92 
928327.00 5641459.93 -6289.29 
928077.00 5641709.93 -6317.17 
928077.00 5641959.93 -6333.20 
927827.00 5642209.93 -6359.70 
927577.00 5642209.93 -6370.69 
927327.00 5642459.93 -6397.09 
927077.00 5642709.93 -6423.18 
926827.00 5642959.93 -6449.09 
926577.00 5643209.93 -6473.86 
926327.00 5643459.93 -6503.23 
926077.00 5643709.93 -6542.85 
925827.00 5643959.93 -6583.19 
925577.00 5643959.93 -6604.08 
925327.00 5644209.93 -6644.08 
925077.00 5644459.93 -6684.02 
924827.00 5644709.93 -6723.63 
924577.00 5644959.93 -6762.11 
924327.00 5645209.93 -6798.10 
924077.00 5645459.93 -6831.48 
923827.00 5645709.93 -6863.58 
923577.00 5645709.93 -6879.92 
923327.00 5645959.93 -6911.84 
923077.00 5646209.93 -6943.79 
922827.00 5646459.93 -6975.42 
922577.00 5646709.93 -7006.73 
922327.00 5646959.93 -7038.28 
922077.00 5647209.93 -7070.84 
921827.00 5647459.93 -7104.69 
921577.00 5647459.93 -7118.52 
921327.00 5647709.93 -7153.34 
921077.00 5647959.93 -7188.50 
920827.00 5648209.93 -7222.95 
920577.00 5648459.93 -7254.61 
920327.00 5648709.93 -7280.59 
920077.00 5648959.93 -7298.24 
919827.00 5648959.93 -7301.80 
919577.00 5649209.93 -7302.74 
919327.00 5649459.93 -7291.00 
919077.00 5649709.93 -7266.66 
918827.00 5649959.93 -7230.68 
918577.00 5650209.93 -7184.60 
918327.00 5650459.93 -7130.32 
918077.00 5650709.93 -7069.90 
917827.00 5650709.93 -7021.17 
917577.00 5650959.93 -6953.32 
917327.00 5651209.93 -6884.89 
917077.00 5651459.93 -6818.24 
916827.00 5651709.93 -6755.89 
916577.00 5651959.93 -6700.35 
916327.00 5652209.93 -6654.00 
916077.00 5652459.93 -6618.92 
915827.00 5652459.93 -6580.85 
915577.00 5652709.93 -6566.70 
915327.00 5652959.93 -6567.33 
915077.00 5653209.93 -6582.68 
914827.00 5653459.93 -6611.77 
914577.00 5653709.93 -6652.67 
914327.00 5653959.93 -6702.70 
914077.00 5654209.93 -6758.88 
913827.00 5654209.93 -6786.30 
913577.00 5654459.93 -6849.75 
913327.00 5654709.93 -6912.90 
913077.00 5654959.93 -6974.24 
912827.00 5655209.93 -7032.47 
912577.00 5655459.93 -7086.31 
912327.00 5655709.93 -7134.47 
912077.00 5655959.93 -7175.65 
911827.00 5655959.93 -7208.15 
911577.00 5656209.93 -7237.94 
911327.00 5656459.93 -7258.18 
911077.00 5656709.93 -7268.73 
910827.00 5656959.93 -7269.85 
910577.00 5657209.93 -7262.00 
910327.00 5657459.93 -7245.71 
910077.00 5657459.93 -7250.69 
909827.00 5657709.93 -7221.82 
909577.00 5657959.93 -7185.63 
909327.00 5658209.93 -7142.76 
909077.00 5658459.93 -7093.95 
908827.00 5658709.93 -7039.96 
908577.00 5658959.93 -6981.57 
908327.00 5659209.93 -6919.58 
908077.00 5659209.93 -6891.81 
907827.00 5659459.93 -6823.83 
907577.00 5659709.93 -6754.36 
907327.00 5659959.93 -6684.34 
907077.00 5660209.93 -6614.72 
906827.00 5660459.93 -6546.46 
906577.00 5660709.93 -6480.50 
906327.00 5660959.93 -6417.74 
906077.00 5660959.93 -6378.73 
905827.00 5661209.93 -6321.16 
905577.00 5661459.93 -6268.94 
905327.00 5661709.93 -6222.68 
905077.00 5661959.93 -6182.83 
904827.00 5662209.93 -6149.74 
904577.00 5662459.93 -6123.61 
904327.00 5662709.93 -6104.55 
904077.00 5662709.93 -6085.25 
903827.00 5662959.93 -6076.95 
903577.00 5663209.93 -6075.79 
903327.00 5663459.93 -6081.59 
903077.00 5663709.93 -6094.14 
902827.00 5663959.93 -6113.13 
902577.00 5664209.93 -6138.22 
902327.00 5664459.93 -6168.97 
902077.00 5664459.93 -6178.77 
901827.00 5664709.93 -6218.10 
901577.00 5664959.93 -6261.79 
901327.00 5665209.93 -6309.19 
901077.00 5665459.93 -6359.61 
900827.00 5665709.93 -6412.36 
900577.00 5665959.93 -6466.76 
900327.00 5665959.93 -6495.63 
900077.00 5666209.93 -6552.70 
899827.00 5666459.93 -6609.82 
899577.00 5666709.93 -6666.43 
899327.00 5666959.93 -6722.00 
899077.00 5667209.93 -6776.04 
898827.00 5667459.93 -6828.11 
898577.00 5667709.93 -6877.79 
898327.00 5667709.93 -6911.74 
898077.00 5667959.93 -6957.66 
897827.00 5668209.93 -7000.20 
897577.00 5668459.93 -7039.13 
897327.00 5668709.93 -7074.27 
897077.00 5668959.93 -7105.50 
896827.00 5669209.93 -7132.79 
896577.00 5669459.93 -7156.16 
896327.00 5669459.93 -7176.90 
896077.00 5669709.93 -7193.99 
895827.00 5669959.93 -7207.38 
895577.00 5670209.93 -7217.26 
895327.00 5670459.93 -7223.87 
895077.00 5670709.93 -7227.45 
894827.00 5670959.93 -7228.25 
894577.00 5671209.93 -7226.53 
894327.00 5671209.93 -7229.63 
894077.00 5671459.93 -7223.76 
893827.00 5671709.93 -7216.07 
893577.00 5671959.93 -7206.86 
893327.00 5672209.93 -7196.42 
893077.00 5672459.93 -7185.02 
892827.00 5672709.93 -7172.92 
892577.00 5672959.93 -7160.38 
892327.00 5672959.93 -7152.37 
892077.00 5673209.93 -7138.98 
891827.00 5673459.93 -7125.79 
891577.00 5673709.93 -7113.00 
891327.00 5673959.93 -7100.79 
891077.00 5674209.93 -7089.29 
890827.00 5674459.93 -7078.61 
890577.00 5674459.93 -7069.32 
890327.00 5674709.93 -7059.99 
890077.00 5674959.93 -7051.69 
889827.00 5675209.93 -7044.40 
889577.00 5675459.93 -7038.09 
889327.00 5675709.93 -7032.65 
889077.00 5675959.93 -7027.97 
888827.00 5676209.93 -7023.90 
888577.00 5676209.93 -7020.29 
888327.00 5676459.93 -7017.49 
888077.00 5676709.93 -7014.86 
887827.00 5676959.93 -7012.17 
887577.00 5677209.93 -7009.22 
887327.00 5677459.93 -7005.78 
887077.00 5677709.93 -7001.69 
886827.00 5677959.93 -6996.77 
886577.00 5677959.93 -6997.36 
886327.00 5678209.93 -6991.44 
886077.00 5678459.93 -6984.36 
885827.00 5678709.93 -6976.04 
885577.00 5678959.93 -6966.47 
885327.00 5679209.93 -6955.67 
885077.00 5679459.93 -6943.68 
884827.00 5679709.93 -6930.56 
884577.00 5679709.93 -6928.67 
884327.00 5679959.93 -6913.91 
884077.00 5680209.93 -6898.27 
883827.00 5680459.93 -6881.91 
883577.00 5680709.93 -6865.01 
883327.00 5680959.93 -6847.74 
883077.00 5681209.93 -6830.30 
882827.00 5681459.93 -6812.87 
882577.00 5681459.93 -6806.90 
882327.00 5681709.93 -6789.36 
882077.00 5681959.93 -6772.26 
881827.00 5682209.93 -6755.79 
881577.00 5682459.93 -6740.11 
881327.00 5682709.93 -6725.38 
881077.00 5682959.93 -6711.75 
880827.00 5682959.93 -6705.06 
880577.00 5683209.93 -6692.93 
880327.00 5683459.93 -6682.29 
880077.00 5683709.93 -6673.26 
879827.00 5683959.93 -6665.96 
879577.00 5684209.93 -6660.48 
879327.00 5684459.93 -6656.90 
879077.00 5684709.93 -6655.27 
878827.00 5684709.93 -6652.27 
878577.00 5684959.93 -6653.46 
878327.00 5685209.93 -6656.71 
878077.00 5685459.93 -6662.02 
877827.00 5685709.93 -6669.35 
877577.00 5685959.93 -6678.67 
877327.00 5686209.93 -6689.92 
877077.00 5686459.93 -6703.05 
876827.00 5686459.93 -6706.76 
876577.00 5686709.93 -6722.61 
876327.00 5686959.93 -6740.16 
876077.00 5687209.93 -6759.32 
875827.00 5687459.93 -6780.02 
875577.00 5687709.93 -6802.15 
875327.00 5687959.93 -6825.66 
875077.00 5688209.93 -6850.46 
874827.00 5688209.93 -6860.54 
874577.00 5688459.93 -6887.33 
874327.00 5688709.93 -6915.26 
874077.00 5688959.93 -6944.28 
873827.00 5689209.93 -6974.32 
873577.00 5689459.93 -7005.34 
873327.00 5689709.93 -7037.27 
873077.00 5689959.93 -7070.07 
872827.00 5689959.93 -7085.49 
872577.00 5690209.93 -7119.73 
872327.00 5690459.93 -7154.68 
872077.00 5690709.93 -7190.28 
871827.00 5690959.93 -7226.46 
871577.00 5691209.93 -7263.13 
871327.00 5691459.93 -7300.23 
871077.00 5691459.93 -7319.46 
870827.00 5691709.93 -7357.38 
870577.00 5691959.93 -7395.54 
870327.00 5692209.93 -7433.84 
870077.00 5692459.93 -7472.21 
869827.00 5692709.93 -7510.55 
869577.00 5692959.93 -7548.78 
869327.00 5693209.93 -7586.82 
869077.00 5693209.93 -7608.75 
868827.00 5693459.93 -7646.69 
868577.00 5693709.93 -7684.22 
868327.00 5693959.93 -7721.26 
868077.00 5694209.93 -7757.73 
867827.00 5694459.93 -7793.55 
867577.00 5694709.93 -7828.65 
867327.00 5694959.93 -7862.97 
867077.00 5694959.93 -7885.19 
866827.00 5695209.93 -7918.55 
866577.00 5695459.93 -7950.99 
866327.00 5695709.93 -7982.45 
866077.00 5695959.93 -8012.90 
865827.00 5696209.93 -8042.29 
865577.00 5696459.93 -8070.58 
865327.00 5696709.93 -8097.73 
865077.00 5696709.93 -8118.24 
864827.00 5696959.93 -8143.85 
864577.00 5697209.93 -8168.20 
864327.00 5697459.93 -8191.20 
864077.00 5697709.93 -8212.80 
863827.00 5697959.93 -8232.92 
863577.00 5698209.93 -8251.47 
863327.00 5698459.93 -8268.38 
863077.00 5698459.93 -8284.95 
862827.00 5698709.93 -8299.37 
862577.00 5698959.93 -8311.91 
862327.00 5699209.93 -8322.47 
862077.00 5699459.93 -8330.97 
861827.00 5699709.93 -8337.33 
861577.00 5699959.93 -8341.48 
861327.00 5699959.93 -8351.48 
861077.00 5700209.93 -8352.08 
860827.00 5700459.93 -8350.27 
860577.00 5700709.93 -8345.98 
860327.00 5700959.93 -8339.17 
860077.00 5701209.93 -8329.80 
859827.00 5701459.93 -8317.84 
859577.00 5701709.93 -8303.29 
859327.00 5701709.93 -8301.76 
859077.00 5701959.93 -8282.91 
858827.00 5702209.93 -8261.46 
858577.00 5702459.93 -8237.44 
858327.00 5702709.93 -8210.93 
858077.00 5702959.93 -8182.00 
857827.00 5703209.93 -8150.74 
857577.00 5703459.93 -8117.28 
857327.00 5703459.93 -8102.18 
857077.00 5703709.93 -8065.02 
856827.00 5703959.93 -8026.00 
856577.00 5704209.93 -7985.27 
856327.00 5704459.93 -7943.02 
856077.00 5704709.93 -7899.43 
855827.00 5704959.93 -7854.70 
855577.00 5705209.93 -7809.01 
855327.00 5705209.93 -7782.90 
855077.00 5705459.93 -7735.49 
854827.00 5705709.93 -7687.60 
854577.00 5705959.93 -7639.43 
854327.00 5706209.93 -7591.14 
854077.00 5706459.93 -7542.90 
853827.00 5706709.93 -7494.85 
853577.00 5706959.93 -7447.12 
853327.00 5706959.93 -7415.82 
853077.00 5707209.93 -7368.38 
852827.00 5707459.93 -7321.58 
852577.00 5707709.93 -7275.49 
852327.00 5707959.93 -7230.20 
852077.00 5708209.93 -7185.76 
851827.00 5708459.93 -7142.21 
851577.00 5708709.93 -7099.59 
851327.00 5708709.93 -7068.43 
851077.00 5708959.93 -7027.10 
850827.00 5709209.93 -6986.77 
850577.00 5709459.93 -6947.45 
850327.00 5709709.93 -6909.15 
850077.00 5709959.93 -6871.84 
849827.00 5710209.93 -6835.55 
849577.00 5710209.93 -6806.88 
849327.00 5710459.93 -6772.13 
849077.00 5710709.93 -6738.40 
848827.00 5710959.93 -6705.69 
848577.00 5711209.93 -6674.00 
848327.00 5711459.93 -6643.34 
848077.00 5711709.93 -6613.70 
847827.00 5711959.93 -6585.09 
847577.00 5711959.93 -6560.91 
847327.00 5712209.93 -6534.04 
847077.00 5712459.93 -6508.21 
846827.00 5712709.93 -6483.42 
846577.00 5712959.93 -6459.67 
846327.00 5713209.93 -6436.95 
846077.00 5713459.93 -6415.26 
845827.00 5713709.93 -6394.58 
845577.00 5713709.93 -6376.15 
845327.00 5713959.93 -6357.29 
845077.00 5714209.93 -6339.43 
844827.00 5714459.93 -6322.56 
844577.00 5714709.93 -6306.65 
844327.00 5714959.93 -6291.70 
844077.00 5715209.93 -6277.68 
843827.00 5715459.93 -6264.57 
843577.00 5715459.93 -6252.49 
843327.00 5715709.93 -6241.10 
843077.00 5715959.93 -6230.57 
842827.00 5716209.93 -6220.88 
842577.00 5716459.93 -6212.02 
842327.00 5716709.93 -6203.94 
842077.00 5716959.93 -6196.65 
841827.00 5717209.93 -6190.09 
841577.00 5717209.93 -6184.26 
841327.00 5717459.93 -6179.19 
841077.00 5717709.93 -6174.82 
840827.00 5717959.93 -6171.13 
840577.00 5718209.93 -6168.10 
840327.00 5718459.93 -6165.72 
840077.00 5718709.93 -6163.97 
839827.00 5718709.93 -6163.31 
839577.00 5718959.93 -6162.91 
839327.00 5719209.93 -6163.10 
839077.00 5719459.93 -6163.88 
838827.00 5719709.93 -6165.23 
838577.00 5719959.93 -6167.12 
838327.00 5720209.93 -6169.55 
838077.00 5720459.93 -6172.47 
837827.00 5720459.93 -6177.70 
837577.00 5720709.93 -6181.85 
837327.00 5720959.93 -6186.44 
837077.00 5721209.93 -6191.43 
836827.00 5721459.93 -6196.79 
836577.00 5721709.93 -6202.45 
836327.00 5721959.93 -6208.36 
836077.00 5722209.93 -6214.44 
835827.00 5722209.93 -6225.80 
835577.00 5722459.93 -6232.70 
835327.00 5722709.93 -6239.56 
835077.00 5722959.93 -6246.28 
834827.00 5723209.93 -6252.73 
834577.00 5723459.93 -6258.77 
834327.00 5723709.93 -6264.28 
834077.00 5723959.93 -6269.09 
833827.00 5723959.93 -6285.72 
833577.00 5724209.93 -6290.08 
833327.00 5724459.93 -6293.36 
833077.00 5724709.93 -6295.42 
832827.00 5724959.93 -6296.10 
832577.00 5725209.93 -6295.26 
832327.00 5725459.93 -6292.80 
832077.00 5725709.93 -6288.63 
831827.00 5725709.93 -6306.37 
831577.00 5725959.93 -6300.00 
831327.00 5726209.93 -6291.85 
831077.00 5726459.93 -6282.08 
830827.00 5726709.93 -6270.97 
830577.00 5726959.93 -6258.93 
830327.00 5727209.93 -6246.49 
830077.00 5727209.93 -6261.61 
829827.00 5727459.93 -6249.22 
829577.00 5727709.93 -6238.03 
829327.00 5727959.93 -6228.85 
829077.00 5728209.93 -6222.54 
828827.00 5728459.93 -6220.07 
828577.00 5728709.93 -6222.60 
828327.00 5728959.93 -6231.44 
828077.00 5728959.93 -6251.20 
827827.00 5729209.93 -6269.19 
827577.00 5729459.93 -6295.11 
827327.00 5729709.93 -6327.66 
827077.00 5729959.93 -6363.78 
826827.00 5730209.93 -6399.00 
826577.00 5730459.93 -6426.47 
826327.00 5730709.93 -6439.42 
826077.00 5730709.93 -6408.49 
825827.00 5730709.93 -6364.41 
825577.00 5730959.93 -6361.18 
825327.00 5730959.93 -6338.50 
825077.00 5730959.93 -6326.78 
824827.00 5730959.93 -6325.87 
824577.00 5730959.93 -6335.51 
824327.00 5730959.93 -6355.07 
824077.00 5730959.93 -6383.17 
823827.00 5730959.93 -6418.14 
823577.00 5730959.93 -6458.45 
823327.00 5730959.93 -6502.95 
823077.00 5730959.93 -6550.85 
822827.00 5730959.93 -6601.57 
822577.00 5730959.93 -6654.60 
822327.00 5731209.93 -6685.76 
822077.00 5731209.93 -6741.45 
821827.00 5731209.93 -6798.26 
821577.00 5731209.93 -6855.75 
821327.00 5731209.93 -6913.51 
821077.00 5731209.93 -6971.13 
820827.00 5731209.93 -7028.30 
820577.00 5731209.93 -7084.70 
820327.00 5731209.93 -7140.09 
820077.00 5731209.93 -7194.27 
819827.00 5731209.93 -7247.05 
819577.00 5731209.93 -7298.32 
819327.00 5731209.93 -7347.97 
819077.00 5731209.93 -7395.93 
818827.00 5731459.93 -7427.73 
818577.00 5731459.93 -7473.76 
818327.00 5731459.93 -7518.15 
818077.00 5731459.93 -7560.93 
817827.00 5731459.93 -7602.17 
817577.00 5731459.93 -7641.93 
817327.00 5731459.93 -7680.32 
817077.00 5731459.93 -7717.42 
816827.00 5731459.93 -7753.33 
816577.00 5731459.93 -7788.13 
816327.00 5731459.93 -7821.91 
816077.00 5731459.93 -7854.74 
815827.00 5731459.93 -7886.70 
815577.00 5731709.93 -7922.16 
815327.00 5731709.93 -7953.47 
815077.00 5731709.93 -7983.93 
814827.00 5731709.93 -8013.57 
814577.00 5731709.93 -8042.39 
814327.00 5731709.93 -8070.40 
814077.00 5731709.93 -8097.58 
813827.00 5731709.93 -8123.93 
813577.00 5731709.93 -8149.42 
813327.00 5731709.93 -8174.05 
813077.00 5731709.93 -8197.79 
812827.00 5731709.93 -8220.63 
812577.00 5731709.93 -8242.53 
812327.00 5731959.93 -8272.41 
812077.00 5731959.93 -8292.18 
811827.00 5731959.93 -8310.93 
811577.00 5731959.93 -8328.63 
811327.00 5731959.93 -8345.28 
811077.00 5731959.93 -8360.87 
810827.00 5731959.93 -8375.39 
810577.00 5731959.93 -8388.84 
810327.00 5731959.93 -8401.22 
810077.00 5731959.93 -8412.52 
809827.00 5731959.93 -8422.73 
809577.00 5731959.93 -8431.87 
809327.00 5731959.93 -8439.92 
809077.00 5731959.93 -8446.91 
808827.00 5732209.93 -8456.67 
808577.00 5732209.93 -8461.14 
808327.00 5732209.93 -8464.62 
808077.00 5732209.93 -8467.12 
807827.00 5732209.93 -8468.68 
807577.00 5732209.93 -8469.34 
807327.00 5732209.93 -8469.14 
807077.00 5732209.93 -8468.13 
806827.00 5732209.93 -8466.37 
806577.00 5732209.93 -8463.91 
806327.00 5732209.93 -8460.81 
806077.00 5732209.93 -8457.14 
805827.00 5732209.93 -8452.98 
805577.00 5732459.93 -8449.73 
805327.00 5732459.93 -8444.84 
805077.00 5732459.93 -8439.71 
804827.00 5732459.93 -8434.44 
804577.00 5732459.93 -8429.10 
804327.00 5732459.93 -8423.77 
804077.00 5732459.93 -8418.53 
803827.00 5732459.93 -8413.47 
803577.00 5732459.93 -8408.66 
803327.00 5732459.93 -8404.18 
803077.00 5732459.93 -8400.10 
802827.00 5732459.93 -8396.49 
802577.00 5732459.93 -8393.42 
802327.00 5732709.93 -8396.43 
802077.00 5732709.93 -8395.27 
801827.00 5732709.93 -8394.88 
801577.00 5732709.93 -8395.28 
801327.00 5732709.93 -8396.52 
801077.00 5732709.93 -8398.63 
800827.00 5732709.93 -8401.63 
800577.00 5732709.93 -8405.55 
800327.00 5732709.93 -8410.39 
800077.00 5732709.93 -8416.15 
799827.00 5732709.93 -8422.84 
799577.00 5732709.93 -8430.45 
799327.00 5732709.93 -8438.97 
799077.00 5732959.93 -8466.31 
798827.00 5732959.93 -8477.98 
798577.00 5732959.93 -8490.54 
798327.00 5732959.93 -8503.96 
798077.00 5732959.93 -8518.20 
797827.00 5732959.93 -8533.22 
797577.00 5732959.93 -8548.96 
797327.00 5732959.93 -8565.34 
797077.00 5732959.93 -8582.30 
796827.00 5732959.93 -8599.74 
796577.00 5732959.93 -8617.57 
796327.00 5732959.93 -8635.68 
796077.00 5732959.93 -8653.97 
795827.00 5732959.93 -8672.32 
795577.00 5733209.93 -8728.58 
795327.00 5733209.93 -8747.97 
795077.00 5733209.93 -8766.98 
794827.00 5733209.93 -8785.51 
794577.00 5733209.93 -8803.42 
794327.00 5733209.93 -8820.61 
794077.00 5733209.93 -8836.96 
793827.00 5733209.93 -8852.37 
793577.00 5733209.93 -8866.74 
793327.00 5733209.93 -8879.96 
793077.00 5733209.93 -8891.95 
792827.00 5733209.93 -8902.63 
792577.00 5733209.93 -8911.96 
792327.00 5733459.93 -8963.87 
792077.00 5733459.93 -8969.54 
791827.00 5733459.93 -8973.58 
791577.00 5733459.93 -8976.00 
791327.00 5733459.93 -8976.80 
791077.00 5733459.93 -8975.99 
790827.00 5733459.93 -8973.56 
790577.00 5733459.93 -8969.53 
790327.00 5733459.93 -8963.91 
790077.00 5733459.93 -8956.74 
789827.00 5733459.93 -8948.06 
789577.00 5733459.93 -8937.96 
789327.00 5733459.93 -8926.49 
789077.00 5733709.93 -8935.56 
788827.00 5733709.93 -8918.66 
788577.00 5733709.93 -8900.29 
788327.00 5733709.93 -8880.38 
788077.00 5733709.93 -8858.72 
787827.00 5733709.93 -8835.00 
787577.00 5733709.93 -8808.80 
787327.00 5733709.93 -8779.69 
787077.00 5733709.93 -8747.37 
786827.00 5733709.93 -8711.79 
786577.00 5733709.93 -8673.18 
786327.00 5733709.93 -8631.98 
786077.00 5733709.93 -8588.69 
785827.00 5733709.93 -8543.82 
785577.00 5733959.93 -8482.87 
785327.00 5733959.93 -8432.53 
785077.00 5733959.93 -8380.74 
784827.00 5733959.93 -8327.76 
784577.00 5733959.93 -8274.46 
784327.00 5733959.93 -8222.43 
784077.00 5733959.93 -8173.65 
783827.00 5733959.93 -8129.82 
783577.00 5733959.93 -8091.78 
783327.00 5733959.93 -8059.77 
783077.00 5733959.93 -8034.08 
782827.00 5733959.93 -8015.19 
782577.00 5733959.93 -8003.10 
782327.00 5734209.93 -7988.56 
782077.00 5734209.93 -7978.52 
781827.00 5734209.93 -7963.56 
781577.00 5734209.93 -7942.54 
781327.00 5734209.93 -7906.56 
781077.00 5734209.93 -7868.21 
780827.00 5734209.93 -7830.56 
780577.00 5734209.93 -7812.30 
780327.00 5733959.93 -7827.41 
780077.00 5733959.93 -7818.05 
779827.00 5733959.93 -7809.31 
779577.00 5733959.93 -7800.40 
779327.00 5733959.93 -7791.33 
779077.00 5733709.93 -7799.58 
778827.00 5733709.93 -7790.38 
778577.00 5733709.93 -7781.99 
778327.00 5733709.93 -7774.55 
778077.00 5733459.93 -7782.34 
777827.00 5733459.93 -7776.79 
777577.00 5733459.93 -7772.36 
777327.00 5733459.93 -7769.03 
777077.00 5733459.93 -7766.75 
776827.00 5733209.93 -7778.11 
776577.00 5733209.93 -7777.65 
776327.00 5733209.93 -7778.08 
776077.00 5733209.93 -7779.34 
775827.00 5732959.93 -7792.95 
775577.00 5732959.93 -7795.62 
775327.00 5732959.93 -7798.99 
775077.00 5732959.93 -7803.01 
774827.00 5732959.93 -7807.65 
774577.00 5732709.93 -7823.17 
774327.00 5732709.93 -7828.74 
774077.00 5732709.93 -7834.82 
773827.00 5732709.93 -7841.36 
773577.00 5732459.93 -7857.49 
773327.00 5732459.93 -7864.66 
773077.00 5732459.93 -7872.19 
772827.00 5732459.93 -7880.07 
772577.00 5732459.93 -7888.27 
772327.00 5732209.93 -7904.48 
772077.00 5732209.93 -7912.99 
771827.00 5732209.93 -7921.74 
771577.00 5732209.93 -7930.72 
771327.00 5732209.93 -7939.89 
771077.00 5731959.93 -7955.48 
770827.00 5731959.93 -7964.73 
770577.00 5731959.93 -7974.13 
770327.00 5731959.93 -7983.66 
770077.00 5731709.93 -7998.30 
769827.00 5731709.93 -8007.78 
769577.00 5731709.93 -8017.34 
769327.00 5731709.93 -8026.99 
769077.00 5731709.93 -8036.70 
768827.00 5731459.93 -8049.99 
768577.00 5731459.93 -8059.54 
768327.00 5731459.93 -8069.13 
768077.00 5731459.93 -8078.76 
767827.00 5731209.93 -8090.77 
767577.00 5731209.93 -8100.18 
767327.00 5731209.93 -8109.60 
767077.00 5731209.93 -8119.02 
766827.00 5731209.93 -8128.45 
766577.00 5730959.93 -8138.90 
766327.00 5730959.93 -8148.06 
766077.00 5730959.93 -8157.21 
765827.00 5730959.93 -8166.32 
765577.00 5730709.93 -8175.48 
765327.00 5730709.93 -8184.31 
765077.00 5730709.93 -8193.12 
764827.00 5730709.93 -8201.87 
764577.00 5730709.93 -8210.59 
764327.00 5730459.93 -8218.23 
764077.00 5730459.93 -8226.65 
763827.00 5730459.93 -8235.01 
763577.00 5730459.93 -8243.31 
763327.00 5730209.93 -8249.76 
763077.00 5730209.93 -8257.77 
762827.00 5730209.93 -8265.71 
762577.00 5730209.93 -8273.59 
762327.00 5730209.93 -8281.40 
762077.00 5729959.93 -8286.49 
761827.00 5729959.93 -8294.01 
761577.00 5729959.93 -8301.45 
761327.00 5729959.93 -8308.82 
761077.00 5729959.93 -8316.10 
760827.00 5729709.93 -8319.95 
760577.00 5729709.93 -8326.95 
760327.00 5729709.93 -8333.87 
760077.00 5729709.93 -8340.71 
759827.00 5729459.93 -8343.59 
759577.00 5729459.93 -8350.16 
759327.00 5729459.93 -8356.64 
759077.00 5729459.93 -8363.04 
758827.00 5729459.93 -8369.36 
758577.00 5729209.93 -8371.16 
758327.00 5729209.93 -8377.21 
758077.00 5729209.93 -8383.18 
757827.00 5729209.93 -8389.07 
757577.00 5728959.93 -8390.06 
757327.00 5728959.93 -8395.69 
757077.00 5728959.93 -8401.25 
756827.00 5728959.93 -8406.72 
756577.00 5728959.93 -8412.11 
756327.00 5728709.93 -8412.19 
756077.00 5728709.93 -8417.34 
755827.00 5728709.93 -8422.41 
755577.00 5728709.93 -8427.41 
755327.00 5728459.93 -8426.80 
755077.00 5728459.93 -8431.57 
754827.00 5728459.93 -8436.27 
754577.00 5728459.93 -8440.89 
754327.00 5728459.93 -8445.43 
754077.00 5728209.93 -8444.06 
753827.00 5728209.93 -8448.40 
753577.00 5728209.93 -8452.66 
753327.00 5728209.93 -8456.86 
753077.00 5727959.93 -8454.91 
752827.00 5727959.93 -8458.92 
752577.00 5727959.93 -8462.85 
752327.00 5727959.93 -8466.72 
752077.00 5727959.93 -8470.53 
751827.00 5727709.93 -8467.95 
751577.00 5727709.93 -8471.58 
751327.00 5727709.93 -8475.14 
751077.00 5727709.93 -8478.65 
750827.00 5727709.93 -8482.09 
750577.00 5727459.93 -8478.95 
750327.00 5727459.93 -8482.23 
750077.00 5727459.93 -8485.46 
749827.00 5727459.93 -8488.63 
749577.00 5727209.93 -8485.07 
749327.00 5727209.93 -8488.09 
749077.00 5727209.93 -8491.06 
748827.00 5727209.93 -8493.98 
748577.00 5727209.93 -8496.85 
748327.00 5726959.93 -8492.82 
748077.00 5726959.93 -8495.56 
747827.00 5726959.93 -8498.24 
747577.00 5726959.93 -8500.88 
747327.00 5726709.93 -8496.51 
747077.00 5726709.93 -8499.03 
746827.00 5726709.93 -8501.50 
746577.00 5726709.93 -8503.93 
746327.00 5726709.93 -8506.32 
746077.00 5726459.93 -8501.57 
745827.00 5726459.93 -8503.85 
745577.00 5726459.93 -8506.08 
745327.00 5726459.93 -8508.28 
745077.00 5726209.93 -8503.25 
744827.00 5726209.93 -8505.35 
744577.00 5726209.93 -8507.41 
744327.00 5726209.93 -8509.43 
744077.00 5726209.93 -8511.42 
743827.00 5725959.93 -8506.10 
743577.00 5725959.93 -8508.00 
743327.00 5725959.93 -8509.87 
743077.00 5725959.93 -8511.70 
742827.00 5725959.93 -8513.49 
742577.00 5725709.93 -8507.92 
742327.00 5725709.93 -8509.64 
742077.00 5725709.93 -8511.33 
741827.00 5725709.93 -8512.99 
741577.00 5725459.93 -8507.25 
741327.00 5725459.93 -8508.84 
741077.00 5725459.93 -8510.40 
740827.00 5725459.93 -8511.94 
740577.00 5725459.93 -8513.44 
740327.00 5725209.93 -8507.51 
740077.00 5725209.93 -8508.96 
739827.00 5725209.93 -8510.39 
739577.00 5725209.93 -8511.79 
739327.00 5724959.93 -8505.72 
739077.00 5724959.93 -8507.07 
738827.00 5724959.93 -8508.40 
738577.00 5724959.93 -8509.70 
738327.00 5724959.93 -8510.98 
738077.00 5724709.93 -8504.79 
737827.00 5724709.93 -8506.03 
737577.00 5724709.93 -8507.25 
737327.00 5724709.93 -8508.45 
737077.00 5724459.93 -8502.18 
736827.00 5724459.93 -8503.34 
736577.00 5724459.93 -8504.48 
736327.00 5724459.93 -8505.60 
736077.00 5724459.93 -8506.71 
735827.00 5724209.93 -8500.36 
735577.00 5724209.93 -8501.44 
735327.00 5724209.93 -8502.50 
735077.00 5724209.93 -8503.54 
734827.00 5723959.93 -8497.15 
734577.00 5723959.93 -8498.16 
734327.00 5723959.93 -8499.17 
734077.00 5723959.93 -8500.16 
733827.00 5723959.93 -8501.13 
733577.00 5723709.93 -8494.70 
733327.00 5723709.93 -8495.66 
733077.00 5723709.93 -8496.60 
732827.00 5723709.93 -8497.53 
732577.00 5723709.93 -8498.44 
732327.00 5723459.93 -8492.00 
732077.00 5723459.93 -8492.90 
731827.00 5723459.93 -8493.79 
731577.00 5723459.93 -8494.67 
731327.00 5723209.93 -8488.23 
731077.00 5723209.93 -8489.10 
730827.00 5723209.93 -8489.96 
730577.00 5723209.93 -8490.80 
730327.00 5723209.93 -8491.64 
730077.00 5722959.93 -8485.22 
729827.00 5722959.93 -8486.04 
729577.00 5722959.93 -8486.86 
729327.00 5722959.93 -8487.67 
729077.00 5722709.93 -8481.28 
728827.00 5722709.93 -8482.08 
728577.00 5722709.93 -8482.87 
728327.00 5722709.93 -8483.66 
728077.00 5722709.93 -8484.43 
727827.00 5722459.93 -8478.08 
727577.00 5722459.93 -8478.85 
727327.00 5722459.93 -8479.62 
727077.00 5722459.93 -8480.37 
726827.00 5722209.93 -8474.07 
726577.00 5722209.93 -8474.82 
726327.00 5722209.93 -8475.57 
726077.00 5722209.93 -8476.31 
725827.00 5722209.93 -8477.04 
725577.00 5721959.93 -8470.79 
725327.00 5721959.93 -8471.52 
725077.00 5721959.93 -8472.24 
724827.00 5721959.93 -8472.96 
724577.00 5721709.93 -8466.76 
724327.00 5721709.93 -8467.48 
724077.00 5721709.93 -8468.18 
723827.00 5721709.93 -8468.88 
723577.00 5721709.93 -8469.57 
723327.00 5721459.93 -8463.45 
723077.00 5721459.93 -8464.14 
722827.00 5721459.93 -8464.83 
722577.00 5721459.93 -8465.50 
722327.00 5721459.93 -8466.17 
722077.00 5721209.93 -8460.12 
721827.00 5721209.93 -8460.79 
721577.00 5721209.93 -8461.45 
721327.00 5721209.93 -8462.10 
721077.00 5720959.93 -8456.12 
720827.00 5720959.93 -8456.78 
720577.00 5720959.93 -8457.42 
720327.00 5720959.93 -8458.05 
720077.00 5720959.93 -8458.68 
719827.00 5720709.93 -8452.78 
719577.00 5720709.93 -8453.40 
719327.00 5720709.93 -8454.02 
719077.00 5720709.93 -8454.62 
718827.00 5720459.93 -8448.79 
718577.00 5720459.93 -8449.40 
718327.00 5720459.93 -8449.99 
718077.00 5720459.93 -8450.58 
717827.00 5720459.93 -8451.15 
717577.00 5720209.93 -8445.40 
717327.00 5720209.93 -8445.98 
717077.00 5720209.93 -8446.54 
716827.00 5720209.93 -8447.09 
716577.00 5719959.93 -8441.41 
716327.00 5719959.93 -8441.96 
716077.00 5719959.93 -8442.50 
715827.00 5719959.93 -8443.03 
715577.00 5719959.93 -8443.54 
715327.00 5719709.93 -8437.94 
715077.00 5719709.93 -8438.45 
714827.00 5719709.93 -8438.95 
714577.00 5719709.93 -8439.44 
714327.00 5719459.93 -8433.91 
714077.00 5719459.93 -8434.39 
713827.00 5719459.93 -8434.86 
713577.00 5719459.93 -8435.31 
713327.00 5719459.93 -8435.75 
713077.00 5719209.93 -8430.30 
712827.00 5719209.93 -8430.74 
712577.00 5719209.93 -8431.16 
712327.00 5719209.93 -8431.57 
712077.00 5719209.93 -8431.96 
711827.00 5718959.93 -8426.58 
711577.00 5718959.93 -8426.96 
711327.00 5718959.93 -8427.33 
711077.00 5718959.93 -8427.69 
710827.00 5718709.93 -8422.38 
710577.00 5718709.93 -8422.72 
710327.00 5718709.93 -8423.05 
710077.00 5718709.93 -8423.36 
709827.00 5718709.93 -8423.66 
709577.00 5718459.93 -8418.42 
709327.00 5718459.93 -8418.70 
709077.00 5718459.93 -8418.97 
708827.00 5718459.93 -8419.22 
708577.00 5718209.93 -8414.04 
708327.00 5718209.93 -8414.28 
708077.00 5718209.93 -8414.50 
707827.00 5718209.93 -8414.70 
707577.00 5718209.93 -8414.88 
707327.00 5717959.93 -8409.76 
707077.00 5717959.93 -8409.93 
706827.00 5717959.93 -8410.08 
706577.00 5717959.93 -8410.22 
706327.00 5717709.93 -8405.15 
706077.00 5717709.93 -8405.27 
705827.00 5717709.93 -8405.37 
705577.00 5717709.93 -8405.44 
705327.00 5717709.93 -8405.50 
705077.00 5717459.93 -8400.49 
704827.00 5717459.93 -8400.53 
704577.00 5717459.93 -8400.55 
704327.00 5717459.93 -8400.54 
704077.00 5717209.93 -8395.58 
703827.00 5717209.93 -8395.56 
703577.00 5717209.93 -8395.52 
703327.00 5717209.93 -8395.45 
703077.00 5717209.93 -8395.37 
702827.00 5716959.93 -8390.45 
702577.00 5716959.93 -8390.34 
702327.00 5716959.93 -8390.21 
702077.00 5716959.93 -8390.06 
701827.00 5716959.93 -8389.89 
701577.00 5716709.93 -8385.01 
701327.00 5716709.93 -8384.81 
701077.00 5716709.93 -8384.59 
700827.00 5716709.93 -8384.35 
700577.00 5716459.93 -8379.50 
700327.00 5716459.93 -8379.24 
700077.00 5716459.93 -8378.95 
699827.00 5716459.93 -8378.63 
699577.00 5716459.93 -8378.29 
699327.00 5716209.93 -8373.48 
699077.00 5716209.93 -8373.12 
698827.00 5716209.93 -8372.73 
698577.00 5716209.93 -8372.32 
698327.00 5715959.93 -8367.53 
698077.00 5715959.93 -8367.09 
697827.00 5715959.93 -8366.63 
697577.00 5715959.93 -8366.14 
697327.00 5715959.93 -8365.62 
697077.00 5715709.93 -8360.85 
696827.00 5715709.93 -8360.31 
696577.00 5715709.93 -8359.74 
696327.00 5715709.93 -8359.15 
696077.00 5715459.93 -8354.40 
695827.00 5715459.93 -8353.77 
695577.00 5715459.93 -8353.13 
695327.00 5715459.93 -8352.45 
695077.00 5715459.93 -8351.75 
694827.00 5715209.93 -8347.01 
694577.00 5715209.93 -8346.28 
694327.00 5715209.93 -8345.52 
694077.00 5715209.93 -8344.74 
693827.00 5715209.93 -8343.93 
693577.00 5714959.93 -8339.19 
693327.00 5714959.93 -8338.35 
693077.00 5714959.93 -8337.49 
692827.00 5714959.93 -8336.60 
692577.00 5714709.93 -8331.85 
692327.00 5714709.93 -8330.93 
692077.00 5714709.93 -8329.98 
691827.00 5714709.93 -8329.00 
691577.00 5714709.93 -8328.00 
691327.00 5714459.93 -8323.25 
691077.00 5714459.93 -8322.21 
690827.00 5714459.93 -8321.15 
690577.00 5714459.93 -8320.06 
690327.00 5714209.93 -8315.30 
690077.00 5714209.93 -8314.18 
689827.00 5714209.93 -8313.03 
689577.00 5714209.93 -8311.86 
689327.00 5714209.93 -8310.66 
689077.00 5713959.93 -8305.87 
688827.00 5713959.93 -8304.64 
688577.00 5713959.93 -8303.37 
688327.00 5713959.93 -8302.08 
688077.00 5713709.93 -8297.28 
687827.00 5713709.93 -8295.96 
687577.00 5713709.93 -8294.60 
687327.00 5713709.93 -8293.22 
687077.00 5713709.93 -8291.82 
686827.00 5713459.93 -8286.98 
686577.00 5713459.93 -8285.54 
686327.00 5713459.93 -8284.07 
686077.00 5713459.93 -8282.58 
685827.00 5713209.93 -8277.71 
685577.00 5713209.93 -8276.18 
685327.00 5713209.93 -8274.62 
685077.00 5713209.93 -8273.03 
684827.00 5713209.93 -8271.42 
684577.00 5712959.93 -8266.50 
684327.00 5712959.93 -8264.85 
684077.00 5712959.93 -8263.17 
683827.00 5712959.93 -8261.47 
683577.00 5712959.93 -8259.74 
683327.00 5712709.93 -8254.75 
683077.00 5712709.93 -8252.98 
682827.00 5712709.93 -8251.19 
682577.00 5712709.93 -8249.36 
682327.00 5712459.93 -8244.33 
682077.00 5712459.93 -8242.46 
681827.00 5712459.93 -8240.56 
681577.00 5712459.93 -8238.64 
681327.00 5712459.93 -8236.70 
681077.00 5712209.93 -8231.58 
680827.00 5712209.93 -8229.59 
680577.00 5712209.93 -8227.57 
680327.00 5712209.93 -8225.53 
680077.00 5711959.93 -8220.34 
679827.00 5711959.93 -8218.25 
679577.00 5711959.93 -8216.13 
679327.00 5711959.93 -8213.98 
679077.00 5711959.93 -8211.81 
678827.00 5711709.93 -8206.52 
678577.00 5711709.93 -8204.30 
678327.00 5711709.93 -8202.05 
678077.00 5711709.93 -8199.78 
677827.00 5711459.93 -8194.40 
677577.00 5711459.93 -8192.07 
677327.00 5711459.93 -8189.72 
677077.00 5711459.93 -8187.33 
676827.00 5711459.93 -8184.92 
676577.00 5711209.93 -8179.43 
676327.00 5711209.93 -8176.96 
676077.00 5711209.93 -8174.47 
675827.00 5711209.93 -8171.95 
675577.00 5710959.93 -8166.35 
675327.00 5710959.93 -8163.77 
675077.00 5710959.93 -8161.17 
674827.00 5710959.93 -8158.54 
674577.00 5710959.93 -8155.88 
674327.00 5710709.93 -8150.13 
674077.00 5710709.93 -8147.41 
673827.00 5710709.93 -8144.67 
673577.00 5710709.93 -8141.89 
673327.00 5710709.93 -8139.09 
673077.00 5710459.93 -8133.18 
672827.00 5710459.93 -8130.32 
672577.00 5710459.93 -8127.43 
672327.00 5710459.93 -8124.52 
672077.00 5710209.93 -8118.47 
671827.00 5710209.93 -8115.50 
671577.00 5710209.93 -8112.49 
671327.00 5710209.93 -8109.45 
671077.00 5710209.93 -8106.39 
670827.00 5709959.93 -8100.17 
670577.00 5709959.93 -8097.05 
670327.00 5709959.93 -8093.90 
670077.00 5709959.93 -8090.72 
669827.00 5709709.93 -8084.35 
669577.00 5709709.93 -8081.11 
669327.00 5709709.93 -8077.83 
669077.00 5709709.93 -8074.54 
668827.00 5709709.93 -8071.21 
668577.00 5709459.93 -8064.65 
668327.00 5709459.93 -8061.27 
668077.00 5709459.93 -8057.85 
667827.00 5709459.93 -8054.42 
667577.00 5709209.93 -8047.70 
667327.00 5709209.93 -8044.20 
667077.00 5709209.93 -8040.67 
666827.00 5709209.93 -8037.12 
666577.00 5709209.93 -8033.55 
666327.00 5708959.93 -8026.64 
666077.00 5708959.93 -8023.01 
665827.00 5708959.93 -8019.35 
665577.00 5708959.93 -8015.68 
665327.00 5708709.93 -8008.61 
665077.00 5708709.93 -8004.88 
664827.00 5708709.93 -8001.13 
664577.00 5708709.93 -7997.36 
664327.00 5708709.93 -7993.58 
664077.00 5708459.93 -7986.33 
663827.00 5708459.93 -7982.50 
663577.00 5708459.93 -7978.65 
663327.00 5708459.93 -7974.79 
663077.00 5708459.93 -7970.92 
662827.00 5708209.93 -7963.50 
662577.00 5708209.93 -7959.59 
662327.00 5708209.93 -7955.67 
662077.00 5708209.93 -7951.74 
661827.00 5707959.93 -7944.20 
661577.00 5707959.93 -7940.25 
661327.00 5707959.93 -7936.29 
661077.00 5707959.93 -7932.33 
660827.00 5707959.93 -7928.37 
660577.00 5707709.93 -7920.71 
660327.00 5707709.93 -7916.74 
660077.00 5707709.93 -7912.77 
659827.00 5707709.93 -7908.80 
659577.00 5707459.93 -7901.07 
659327.00 5707459.93 -7897.11 
659077.00 5707459.93 -7893.16 
658827.00 5707459.93 -7889.21 
658577.00 5707459.93 -7885.28 
658327.00 5707209.93 -7877.51 
658077.00 5707209.93 -7873.60 
657827.00 5707209.93 -7869.71 
657577.00 5707209.93 -7865.83 
657327.00 5706959.93 -7858.05 
657077.00 5706959.93 -7854.21 
656827.00 5706959.93 -7850.40 
656577.00 5706959.93 -7846.61 
656327.00 5706959.93 -7842.85 
656077.00 5706709.93 -7835.11 
655827.00 5706709.93 -7831.40 
655577.00 5706709.93 -7827.73 
655327.00 5706709.93 -7824.09 
655077.00 5706709.93 -7820.49 
654827.00 5706459.93 -7812.85 
654577.00 5706459.93 -7809.32 
654327.00 5706459.93 -7805.83 
654077.00 5706459.93 -7802.38 
653827.00 5706209.93 -7794.86 
653577.00 5706209.93 -7791.50 
653327.00 5706209.93 -7788.19 
653077.00 5706209.93 -7784.92 
652827.00 5706209.93 -7781.71 
652577.00 5705959.93 -7774.39 
652327.00 5705959.93 -7771.27 
652077.00 5705959.93 -7768.22 
651827.00 5705959.93 -7765.21 
651577.00 5705709.93 -7758.09 
651327.00 5705709.93 -7755.20 
651077.00 5705709.93 -7752.37 
650827.00 5705709.93 -7749.60 
650577.00 5705709.93 -7746.89 
650327.00 5705459.93 -7740.06 
650077.00 5705459.93 -7737.47 
649827.00 5705459.93 -7734.95 
649577.00 5705459.93 -7732.48 
649327.00 5705209.93 -7725.92 
649077.00 5705209.93 -7723.59 
648827.00 5705209.93 -7721.32 
648577.00 5705209.93 -7719.11 
648327.00 5705209.93 -7716.97 
648077.00 5704959.93 -7710.76 
647827.00 5704959.93 -7708.75 
647577.00 5704959.93 -7706.80 
647327.00 5704959.93 -7704.91 
647077.00 5704709.93 -7698.99 
646827.00 5704709.93 -7697.23 
646577.00 5704709.93 -7695.52 
646327.00 5704709.93 -7693.87 
646077.00 5704709.93 -7692.27 
645827.00 5704459.93 -7686.71 
645577.00 5704459.93 -7685.23 
645327.00 5704459.93 -7683.78 
645077.00 5704459.93 -7682.38 
644827.00 5704459.93 -7681.02 
644577.00 5704209.93 -7675.79 
644327.00 5704209.93 -7674.52 
644077.00 5704209.93 -7673.28 
643827.00 5704209.93 -7672.07 
643577.00 5703959.93 -7667.06 
643327.00 5703959.93 -7665.91 
643077.00 5703959.93 -7664.78 
642827.00 5703959.93 -7663.66 
642577.00 5703959.93 -7662.55 
642327.00 5703709.93 -7657.74 
642077.00 5703709.93 -7656.66 
641827.00 5703709.93 -7655.57 
641577.00 5703709.93 -7654.47 
641327.00 5703459.93 -7649.77 
641077.00 5703459.93 -7648.66 
640827.00 5703459.93 -7647.54 
640577.00 5703459.93 -7646.38 
640327.00 5703459.93 -7645.20 
640077.00 5703209.93 -7640.55 
639827.00 5703209.93 -7639.32 
639577.00 5703209.93 -7638.05 
639327.00 5703209.93 -7636.73 
639077.00 5702959.93 -7632.07 
638827.00 5702959.93 -7630.68 
638577.00 5702959.93 -7629.23 
638327.00 5702959.93 -7627.73 
638077.00 5702959.93 -7626.17 
637827.00 5702709.93 -7621.41 
637577.00 5702709.93 -7619.73 
637327.00 5702709.93 -7617.98 
637077.00 5702709.93 -7616.15 
636827.00 5702459.93 -7611.27 
636577.00 5702459.93 -7609.29 
636327.00 5702459.93 -7607.22 
636077.00 5702459.93 -7605.04 
635827.00 5702459.93 -7602.75 
635577.00 5702209.93 -7597.56 
635327.00 5702209.93 -7595.04 
635077.00 5702209.93 -7592.37 
634827.00 5702209.93 -7589.54 
634577.00 5702209.93 -7586.54 
634327.00 5701959.93 -7580.75 
634077.00 5701959.93 -7577.36 
633827.00 5701959.93 -7573.74 
633577.00 5701959.93 -7569.87 
633327.00 5701709.93 -7563.29 
633077.00 5701709.93 -7558.83 
632827.00 5701709.93 -7554.05 
632577.00 5701709.93 -7548.91 
632327.00 5701709.93 -7543.40 
632077.00 5701459.93 -7535.25 
631827.00 5701459.93 -7528.88 
631577.00 5701459.93 -7522.06 
631327.00 5701459.93 -7514.78 
631077.00 5701209.93 -7505.12 
630827.00 5701209.93 -7496.86 
630577.00 5701209.93 -7488.13 
630327.00 5701209.93 -7478.95 
630077.00 5701209.93 -7469.34 
629827.00 5700959.93 -7457.99 
629577.00 5700959.93 -7447.67 
629327.00 5700959.93 -7437.10 
629077.00 5700959.93 -7426.38 
628827.00 5700709.93 -7415.51 
628577.00 5700709.93 -7404.96 
628327.00 5700709.93 -7394.66 
628077.00 5700709.93 -7384.72 
627827.00 5700709.93 -7375.25 
627577.00 5700459.93 -7370.47 
627327.00 5700459.93 -7363.20 
627077.00 5700459.93 -7356.85 
626827.00 5700459.93 -7351.58 
626577.00 5700209.93 -7360.11 
626327.00 5700209.93 -7359.57 
626077.00 5700209.93 -7361.55 
625827.00 5700209.93 -7367.22 
625577.00 5700209.93 -7378.00 
625327.00 5699959.93 -7415.81 
625077.00 5699959.93 -7443.42 
624827.00 5699709.93 -7516.13 
624577.00 5699709.93 -7529.91 
624327.00 5699459.93 -7557.42 
624077.00 5699209.93 -7579.23 
623827.00 5699209.93 -7589.06 
623577.00 5698959.93 -7607.56 
623327.00 5698709.93 -7622.75 
623077.00 5698709.93 -7629.94 
622827.00 5698459.93 -7641.93 
622577.00 5698459.93 -7646.41 
622327.00 5698209.93 -7654.79 
622077.00 5697959.93 -7660.86 
621827.00 5697959.93 -7661.18 
621577.00 5697709.93 -7663.72 
621327.00 5697709.93 -7662.38 
621077.00 5697459.93 -7662.07 
620827.00 5697209.93 -7660.01 
620577.00 5697209.93 -7656.63 
620327.00 5696959.93 -7652.07 
620077.00 5696709.93 -7645.71 
619827.00 5696709.93 -7640.29 
619577.00 5696459.93 -7631.18 
619327.00 5696459.93 -7624.68 
619077.00 5696209.93 -7612.85 
618827.00 5695959.93 -7599.17 
618577.00 5695959.93 -7591.31 
618327.00 5695709.93 -7575.42 
618077.00 5695709.93 -7567.25 
617827.00 5695459.93 -7549.58 
617577.00 5695209.93 -7530.67 
617327.00 5695209.93 -7522.31 
617077.00 5694959.93 -7502.29 
616827.00 5694709.93 -7481.44 
616577.00 5694709.93 -7473.47 
616327.00 5694459.93 -7452.16 
616077.00 5694459.93 -7444.86 
615827.00 5694209.93 -7423.48 
615577.00 5693959.93 -7401.97 
615327.00 5693959.93 -7396.11 
615077.00 5693709.93 -7375.24 
614827.00 5693709.93 -7370.75 
614577.00 5693459.93 -7350.96 
614327.00 5693209.93 -7331.76 
614077.00 5693209.93 -7329.81 
613827.00 5692959.93 -7312.41 
613577.00 5692709.93 -7296.05 
613327.00 5692709.93 -7297.18 
613077.00 5692459.93 -7283.27 
612827.00 5692459.93 -7286.53 
612577.00 5692209.93 -7275.37 
612327.00 5691959.93 -7265.89 
612077.00 5691959.93 -7272.52 
611827.00 5691709.93 -7266.14 
611577.00 5691459.93 -7261.69 
611327.00 5691459.93 -7271.48 
611077.00 5691209.93 -7270.20 
610827.00 5691209.93 -7281.59 
610577.00 5690959.93 -7283.36 
610327.00 5690709.93 -7287.08 
610077.00 5690709.93 -7300.65 
609827.00 5690459.93 -7307.08 
609577.00 5690459.93 -7321.49 
609327.00 5690209.93 -7330.31 
609077.00 5689959.93 -7340.77 
608827.00 5689959.93 -7356.10 
608577.00 5689709.93 -7368.39 
608327.00 5689459.93 -7382.00 
608077.00 5689459.93 -7397.52 
607827.00 5689209.93 -7412.34 
607577.00 5689209.93 -7427.50 
607327.00 5688959.93 -7443.16 
607077.00 5688709.93 -7459.55 
606827.00 5688709.93 -7473.88 
606577.00 5688459.93 -7490.52 
606327.00 5688459.93 -7504.00 
606077.00 5688209.93 -7520.59 
605827.00 5687959.93 -7537.35 
605577.00 5687959.93 -7549.36 
605327.00 5687709.93 -7565.62 
605077.00 5687459.93 -7581.76 
604827.00 5687459.93 -7592.09 
604577.00 5687209.93 -7607.39 
604327.00 5687209.93 -7616.55 
604077.00 5686959.93 -7630.86 
603827.00 5686709.93 -7644.72 
603577.00 5686709.93 -7652.09 
603327.00 5686459.93 -7664.76 
603077.00 5686209.93 -7676.84 
602827.00 5686209.93 -7682.44 
602577.00 5685959.93 -7693.23 
602327.00 5685959.93 -7697.76 
602077.00 5685709.93 -7707.24 
601827.00 5685459.93 -7716.00 
601577.00 5685459.93 -7718.93 
601327.00 5685209.93 -7726.37 
601077.00 5685209.93 -7728.37 
600827.00 5684959.93 -7734.53 
600577.00 5684709.93 -7739.94 
600327.00 5684709.93 -7740.56 
600077.00 5684459.93 -7744.75 
599827.00 5684209.93 -7748.20 
599577.00 5684209.93 -7747.59 
599327.00 5683959.93 -7749.90 
599077.00 5683959.93 -7748.60 
598827.00 5683709.93 -7749.81 
598577.00 5683459.93 -7750.36 
598327.00 5683459.93 -7748.07 
598077.00 5683209.93 -7747.62 
597827.00 5683209.93 -7744.77 
597577.00 5682959.93 -7743.39 
597327.00 5682709.93 -7741.43 
597077.00 5682709.93 -7737.77 
596827.00 5682459.93 -7734.98 
596577.00 5682209.93 -7731.66 
596327.00 5682209.93 -7727.29 
596077.00 5681959.93 -7723.23 
595827.00 5681959.93 -7718.46 
595577.00 5681709.93 -7713.70 
595327.00 5681459.93 -7708.50 
595077.00 5681459.93 -7703.17 
594827.00 5681209.93 -7697.35 
594577.00 5681209.93 -7691.69 
594327.00 5680959.93 -7685.31 
594077.00 5680709.93 -7678.55 
593827.00 5680709.93 -7672.44 
593577.00 5680459.93 -7665.18 
593327.00 5680209.93 -7657.60 
593077.00 5680209.93 -7651.10 
592827.00 5679959.93 -7643.08 
592577.00 5679959.93 -7636.35 
592327.00 5679709.93 -7627.94 
592077.00 5679459.93 -7619.27 
591827.00 5679459.93 -7612.23 
591577.00 5679209.93 -7603.22 
591327.00 5678959.93 -7593.99 
591077.00 5678959.93 -7586.70 
590827.00 5678709.93 -7577.18 
590577.00 5678709.93 -7569.74 
590327.00 5678459.93 -7559.97 
590077.00 5678209.93 -7550.02 
589827.00 5678209.93 -7542.40 
589577.00 5677959.93 -7532.25 
589327.00 5677959.93 -7524.52 
589077.00 5677709.93 -7514.20 
588827.00 5677459.93 -7503.75 
588577.00 5677459.93 -7495.90 
588327.00 5677209.93 -7485.31 
588077.00 5676959.93 -7474.64 
587827.00 5676959.93 -7466.70 
587577.00 5676709.93 -7455.93 
587327.00 5676709.93 -7447.94 
587077.00 5676459.93 -7437.10 
586827.00 5676209.93 -7426.22 
586577.00 5676209.93 -7418.19 
586327.00 5675959.93 -7407.27 
586077.00 5675959.93 -7399.22 
585827.00 5675709.93 -7388.30 
585577.00 5675459.93 -7377.37 
585327.00 5675459.93 -7369.32 
585077.00 5675209.93 -7358.43 
584827.00 5674959.93 -7347.55 
584577.00 5674959.93 -7339.54 
584327.00 5674709.93 -7328.73 
584077.00 5674709.93 -7320.74 
583827.00 5674459.93 -7310.02 
583577.00 5674209.93 -7299.37 
583327.00 5674209.93 -7291.45 
583077.00 5673959.93 -7280.93 
582827.00 5673709.93 -7270.50 
582577.00 5673709.93 -7262.68 
582327.00 5673459.93 -7252.42 
582077.00 5673459.93 -7244.67 
581827.00 5673209.93 -7234.60 
581577.00 5672959.93 -7224.67 
581327.00 5672959.93 -7217.06 
581077.00 5672709.93 -7207.37 
580827.00 5672709.93 -7199.84 
580577.00 5672459.93 -7190.41 
580327.00 5672209.93 -7181.18 
580077.00 5672209.93 -7173.82 
579827.00 5671959.93 -7164.89 
579577.00 5671709.93 -7156.19 
579327.00 5671709.93 -7149.02 
579077.00 5671459.93 -7140.66 
578827.00 5671459.93 -7133.58 
578577.00 5671209.93 -7125.58 
578327.00 5670959.93 -7117.86 
578077.00 5670959.93 -7110.94 
577827.00 5670709.93 -7103.60 
577577.00 5670709.93 -7096.74 
577327.00 5670459.93 -7089.78 
577077.00 5670209.93 -7083.12 
576827.00 5670209.93 -7076.38 
576577.00 5669959.93 -7070.11 
576327.00 5669709.93 -7064.14 
576077.00 5669709.93 -7057.46 
575827.00 5669459.93 -7051.86 
575577.00 5669459.93 -7045.14 
575327.00 5669209.93 -7039.88 
575077.00 5668959.93 -7034.93 
574827.00 5668959.93 -7028.15 
574577.00 5668709.93 -7023.50 
574327.00 5668709.93 -7016.60 
574077.00 5668459.93 -7012.21 
573827.00 5668209.93 -7008.09 
573577.00 5668209.93 -7001.01 
573327.00 5667959.93 -6997.09 
573077.00 5667709.93 -6993.40 
572827.00 5667709.93 -6986.04 
572577.00 5667459.93 -6982.47 
572327.00 5667459.93 -6974.87 
572077.00 5667209.93 -6971.37 
571827.00 5666959.93 -6968.03 
571577.00 5666959.93 -6960.03 
571327.00 5666709.93 -6956.67 
571077.00 5666459.93 -6953.40 
570827.00 5666459.93 -6944.92 
570577.00 5666209.93 -6941.54 
570327.00 5666209.93 -6932.70 
570077.00 5665959.93 -6929.14 
569827.00 5665709.93 -6925.56 
569577.00 5665709.93 -6916.05 
569327.00 5665459.93 -6912.15 
569077.00 5665459.93 -6902.13 
568827.00 5665209.93 -6897.81 
568577.00 5664959.93 -6893.32 
568327.00 5664959.93 -6882.33 
568077.00 5664709.93 -6877.20 
567827.00 5664459.93 -6871.77 
567577.00 5664459.93 -6859.53 
567327.00 5664209.93 -6853.20 
567077.00 5664209.93 -6840.06 
566827.00 5663959.93 -6832.69 
566577.00 5663709.93 -6824.79 
566327.00 5663709.93 -6810.14 
566077.00 5663459.93 -6801.08 
565827.00 5663459.93 -6785.60 
565577.00 5663209.93 -6775.44 
565327.00 5662959.93 -6764.78 
565077.00 5662959.93 -6748.17 
564827.00 5662709.93 -6736.63 
564577.00 5662459.93 -6724.79 
564327.00 5662459.93 -6707.44 
564077.00 5662209.93 -6695.10 
563827.00 5662209.93 -6677.60 
563577.00 5661959.93 -6664.96 
563327.00 5661709.93 -6652.44 
563077.00 5661709.93 -6634.61 
562827.00 5661459.93 -6622.10 
562577.00 5661459.93 -6604.51 
562327.00 5661209.93 -6592.56 
562077.00 5660959.93 -6581.60 
561827.00 5660959.93 -6565.63 
561577.00 5660709.93 -6557.00 
561327.00 5660459.93 -6550.44 
561077.00 5660459.93 -6538.24 
560827.00 5660209.93 -6535.35 
560577.00 5660209.93 -6526.16 
560327.00 5659959.93 -6526.87 
560077.00 5659709.93 -6529.60 
559827.00 5659709.93 -6524.08 
559577.00 5659459.93 -6529.29 
559327.00 5659209.93 -6535.64 
559077.00 5659209.93 -6532.46 
558827.00 5658959.93 -6539.95 
558577.00 5658959.93 -6537.73 
558327.00 5658709.93 -6545.70 
558077.00 5658459.93 -6553.75 
557827.00 5658459.93 -6551.93 
557577.00 5658209.93 -6559.75 
557327.00 5658209.93 -6558.02 
557077.00 5657959.93 -6565.41 
556827.00 5657709.93 -6572.50 
556577.00 5657709.93 -6570.50 
556327.00 5657459.93 -6577.05 
556077.00 5657209.93 -6583.26 
555827.00 5657209.93 -6580.96 
555577.00 5656959.93 -6586.64 
555327.00 5656959.93 -6584.24 
555077.00 5656709.93 -6589.40 
554827.00 5656459.93 -6594.22 
554577.00 5656459.93 -6591.56 
554327.00 5656209.93 -6595.89 
554077.00 5656209.93 -6593.14 
553827.00 5655959.93 -6596.99 
553577.00 5655709.93 -6600.50 
553327.00 5655709.93 -6597.50 
553077.00 5655459.93 -6600.53 
552827.00 5655209.93 -6603.22 
552577.00 5655209.93 -6599.98 
552327.00 5654959.93 -6602.19 
552077.00 5654959.93 -6598.83 
551827.00 5654709.93 -6600.57 
551577.00 5654459.93 -6601.97 
551327.00 5654459.93 -6598.36 
551077.00 5654209.93 -6599.30 
550827.00 5653959.93 -6599.91 
550577.00 5653959.93 -6596.06 
550327.00 5653709.93 -6596.23 
550077.00 5653709.93 -6592.25 
549827.00 5653459.93 -6592.00 
549577.00 5653209.93 -6591.44 
549327.00 5653209.93 -6587.24 
549077.00 5652959.93 -6586.29 
548827.00 5652959.93 -6581.98 
548577.00 5652709.93 -6580.65 
548327.00 5652459.93 -6579.05 
548077.00 5652459.93 -6574.56 
547827.00 5652209.93 -6572.60 
547577.00 5651959.93 -6570.40 
547327.00 5651959.93 -6565.75 
547077.00 5651709.93 -6563.24 
546827.00 5651709.93 -6558.52 
546577.00 5651459.93 -6555.72 
546327.00 5651209.93 -6552.69 
546077.00 5651209.93 -6547.86 
545827.00 5650959.93 -6544.57 
545577.00 5650959.93 -6539.69 
545327.00 5650709.93 -6536.16 
545077.00 5650459.93 -6532.45 
544827.00 5650459.93 -6527.49 
544577.00 5650209.93 -6523.55 
544327.00 5649959.93 -6519.44 
544077.00 5649959.93 -6514.42 
543827.00 5649709.93 -6510.12 
543577.00 5649709.93 -6505.08 
543327.00 5649459.93 -6500.59 
543077.00 5649209.93 -6495.95 
542827.00 5649209.93 -6490.87 
542577.00 5648959.93 -6486.06 
542327.00 5648959.93 -6480.97 
542077.00 5648709.93 -6476.01 
541827.00 5648459.93 -6470.91 
541577.00 5648459.93 -6465.80 
541327.00 5648209.93 -6460.56 
541077.00 5647959.93 -6455.20 
540827.00 5647959.93 -6450.07 
540577.00 5647709.93 -6444.58 
540327.00 5647709.93 -6439.45 
540077.00 5647459.93 -6433.83 
539827.00 5647209.93 -6428.11 
539577.00 5647209.93 -6422.96 
539327.00 5646959.93 -6417.12 
539077.00 5646709.93 -6411.18 
538827.00 5646709.93 -6406.03 
538577.00 5646459.93 -6399.98 
538327.00 5646459.93 -6394.83 
538077.00 5646209.93 -6388.68 
537827.00 5645959.93 -6382.44 
537577.00 5645959.93 -6377.28 
537327.00 5645709.93 -6370.94 
537077.00 5645709.93 -6365.78 
536827.00 5645459.93 -6359.35 
536577.00 5645209.93 -6352.85 
536327.00 5645209.93 -6347.68 
536077.00 5644959.93 -6341.08 
535827.00 5644709.93 -6334.41 
535577.00 5644709.93 -6329.23 
535327.00 5644459.93 -6322.48 
535077.00 5644459.93 -6317.30 
534827.00 5644209.93 -6310.47 
534577.00 5643959.93 -6303.56 
534327.00 5643959.93 -6298.38 
534077.00 5643709.93 -6291.40 
533827.00 5643709.93 -6286.21 
533577.00 5643459.93 -6279.17 
533327.00 5643209.93 -6272.06 
533077.00 5643209.93 -6266.86 
532827.00 5642959.93 -6259.69 
532577.00 5642709.93 -6252.45 
532327.00 5642709.93 -6247.25 
532077.00 5642459.93 -6239.95 
531827.00 5642459.93 -6234.74 
531577.00 5642209.93 -6227.38 
531327.00 5641959.93 -6219.97 
531077.00 5641959.93 -6214.76 
530827.00 5641709.93 -6207.29 
530577.00 5641459.93 -6199.77 
530327.00 5641459.93 -6194.55 
530077.00 5641209.93 -6186.98 
529827.00 5641209.93 -6181.76 
529577.00 5640959.93 -6174.14 
529327.00 5640709.93 -6166.47 
529077.00 5640709.93 -6161.24 
528827.00 5640459.93 -6153.53 
528577.00 5640459.93 -6148.30 
528327.00 5640209.93 -6140.54 
528077.00 5639959.93 -6132.75 
527827.00 5639959.93 -6127.51 
527577.00 5639709.93 -6119.67 
527327.00 5639459.93 -6111.80 
527077.00 5639459.93 -6106.56 
526827.00 5639209.93 -6098.65 
526577.00 5639209.93 -6093.40 
526327.00 5638959.93 -6085.46 
526077.00 5638709.93 -6077.49 
525827.00 5638709.93 -6072.23 
525577.00 5638459.93 -6064.23 
525327.00 5638459.93 -6058.96 
525077.00 5638209.93 -6050.93 
524827.00 5637959.93 -6042.88 
524577.00 5637959.93 -6037.60 
524327.00 5637709.93 -6029.52 
524077.00 5637459.93 -6021.42 
523827.00 5637459.93 -6016.13 
523577.00 5637209.93 -6008.00 
523327.00 5637209.93 -6002.71 
523077.00 5636959.93 -5994.56 
522827.00 5636709.93 -5986.40 
522577.00 5636709.93 -5981.09 
522327.00 5636459.93 -5972.91 
522077.00 5636459.93 -5967.59 
521827.00 5636209.93 -5959.39 
521577.00 5635959.93 -5951.18 
521327.00 5635959.93 -5945.85 
521077.00 5635709.93 -5937.62 
520827.00 5635459.93 -5929.38 
520577.00 5635459.93 -5924.03 
520327.00 5635209.93 -5915.78 
520077.00 5635209.93 -5910.42 
519827.00 5634959.93 -5902.16 
519577.00 5634709.93 -5893.89 
519327.00 5634709.93 -5888.50 
519077.00 5634459.93 -5880.23 
518827.00 5634209.93 -5871.95 
518577.00 5634209.93 -5866.54 
518327.00 5633959.93 -5858.25 
518077.00 5633959.93 -5852.82 
517827.00 5633709.93 -5844.52 
517577.00 5633459.93 -5836.22 
517327.00 5633459.93 -5830.76 
517077.00 5633209.93 -5822.46 
516827.00 5633209.93 -5816.97 
516577.00 5632959.93 -5808.66 
516327.00 5632709.93 -5800.35 
516077.00 5632709.93 -5794.83 
515827.00 5632459.93 -5786.51 
515577.00 5632209.93 -5778.19 
515327.00 5632209.93 -5772.64 
515077.00 5631959.93 -5764.31 
514827.00 5631959.93 -5758.73 
514577.00 5631709.93 -5750.40 
514327.00 5631459.93 -5742.07 
514077.00 5631459.93 -5736.44 
513827.00 5631209.93 -5728.11 
513577.00 5631209.93 -5722.44 
513327.00 5630959.93 -5714.10 
513077.00 5630709.93 -5705.76 
512827.00 5630709.93 -5700.05 
512577.00 5630459.93 -5691.70 
512327.00 5630209.93 -5683.35 
512077.00 5630209.93 -5677.59 
511827.00 5629959.93 -5669.23 
511577.00 5629959.93 -5663.43 
511327.00 5629709.93 -5655.06 
511077.00 5629459.93 -5646.70 
510827.00 5629459.93 -5640.83 
510577.00 5629209.93 -5632.46 
510327.00 5628959.93 -5624.09 
510077.00 5628959.93 -5618.16 
509827.00 5628709.93 -5609.77 
509577.00 5628709.93 -5603.79 
509327.00 5628459.93 -5595.39 
509077.00 5628209.93 -5587.00 
508827.00 5628209.93 -5580.95 
508577.00 5627959.93 -5572.54 
508327.00 5627959.93 -5566.43 
508077.00 5627709.93 -5558.00 
507827.00 5627459.93 -5549.57 
507577.00 5627459.93 -5543.39 
507327.00 5627209.93 -5534.94 
507077.00 5626959.93 -5526.50 
506827.00 5626959.93 -5520.23 
506577.00 5626709.93 -5511.77 
506327.00 5626709.93 -5505.44 
506077.00 5626459.93 -5496.95 
505827.00 5626209.93 -5488.46 
505577.00 5626209.93 -5482.05 
505327.00 5625959.93 -5473.54 
505077.00 5625959.93 -5467.06 
504827.00 5625709.93 -5458.52 
504577.00 5625459.93 -5449.98 
504327.00 5625459.93 -5443.41 
504077.00 5625209.93 -5434.84 
503827.00 5624959.93 -5426.26 
503577.00 5624959.93 -5419.60 
503327.00 5624709.93 -5410.99 
503077.00 5624709.93 -5404.26 
502827.00 5624459.93 -5395.62 
502577.00 5624209.93 -5386.98 
502327.00 5624209.93 -5380.14 
502077.00 5623959.93 -5371.47 
501827.00 5623959.93 -5364.56 
501577.00 5623709.93 -5355.85 
501327.00 5623459.93 -5347.13 
501077.00 5623459.93 -5340.12 
500827.00 5623209.93 -5331.36 
500577.00 5622959.93 -5322.61 
500327.00 5622959.93 -5315.48 
500077.00 5622709.93 -5306.68 
499827.00 5622709.93 -5299.48 
499577.00 5622459.93 -5290.64 
499327.00 5622209.93 -5281.79 
499077.00 5622209.93 -5274.48 
498827.00 5621959.93 -5265.59 
498577.00 5621709.93 -5256.69 
498327.00 5621709.93 -5249.26 
498077.00 5621459.93 -5240.32 
497827.00 5621459.93 -5232.80 
497577.00 5621209.93 -5223.81 
497327.00 5620959.93 -5214.82 
497077.00 5620959.93 -5207.18 
496827.00 5620709.93 -5198.14 
496577.00 5620709.93 -5190.41 
496327.00 5620459.93 -5181.32 
496077.00 5620209.93 -5172.22 
495827.00 5620209.93 -5164.36 
495577.00 5619959.93 -5155.21 
495327.00 5619709.93 -5146.04 
495077.00 5619709.93 -5138.06 
494827.00 5619459.93 -5128.84 
494577.00 5619459.93 -5120.77 
494327.00 5619209.93 -5111.49 
494077.00 5618959.93 -5102.19 
493827.00 5618959.93 -5093.99 
493577.00 5618709.93 -5084.63 
493327.00 5618709.93 -5076.33 
493077.00 5618459.93 -5066.91 
492827.00 5618209.93 -5057.48 
492577.00 5618209.93 -5049.03 
492327.00 5617959.93 -5039.52 
492077.00 5617709.93 -5030.00 
491827.00 5617709.93 -5021.40 
491577.00 5617459.93 -5011.81 
491327.00 5617459.93 -5003.11 
491077.00 5617209.93 -4993.44 
490827.00 5616959.93 -4983.74 
490577.00 5616959.93 -4974.88 
490327.00 5616709.93 -4965.10 
490077.00 5616459.93 -4955.30 
489827.00 5616459.93 -4946.27 
489577.00 5616209.93 -4936.38 
489327.00 5616209.93 -4927.24 
489077.00 5615959.93 -4917.26 
488827.00 5615709.93 -4907.24 
488577.00 5615709.93 -4897.93 
488327.00 5615459.93 -4887.81 
488077.00 5615459.93 -4878.38 
487827.00 5615209.93 -4868.17 
487577.00 5614959.93 -4857.91 
487327.00 5614959.93 -4848.29 
487077.00 5614709.93 -4837.93 
486827.00 5614459.93 -4827.52 
486577.00 5614459.93 -4817.72 
486327.00 5614209.93 -4807.19 
486077.00 5614209.93 -4797.26 
485827.00 5613959.93 -4786.62 
485577.00 5613709.93 -4775.93 
485327.00 5613709.93 -4765.80 
485077.00 5613459.93 -4754.98 
484827.00 5613459.93 -4744.73 
484577.00 5613209.93 -4733.78 
484327.00 5612959.93 -4722.77 
484077.00 5612959.93 -4712.32 
483827.00 5612709.93 -4701.18 
483577.00 5612459.93 -4689.98 
483327.00 5612459.93 -4679.31 
483077.00 5612209.93 -4667.97 
482827.00 5612209.93 -4657.18 
482577.00 5611959.93 -4645.70 
482327.00 5611709.93 -4634.14 
482077.00 5611709.93 -4623.15 
481827.00 5611459.93 -4611.44 
481577.00 5611459.93 -4600.32 
481327.00 5611209.93 -4588.47 
481077.00 5610959.93 -4576.54 
480827.00 5610959.93 -4565.21 
480577.00 5610709.93 -4553.13 
480327.00 5610459.93 -4540.96 
480077.00 5610459.93 -4529.44 
479827.00 5610209.93 -4517.12 
479577.00 5610209.93 -4505.48 
479327.00 5609959.93 -4493.00 
479077.00 5609709.93 -4480.44 
478827.00 5609709.93 -4468.60 
478577.00 5609459.93 -4455.88 
478327.00 5609209.93 -4443.07 
478077.00 5609209.93 -4431.06 
477827.00 5608959.93 -4418.09 
477577.00 5608959.93 -4405.96 
477327.00 5608709.93 -4392.84 
477077.00 5608459.93 -4379.63 
476827.00 5608459.93 -4367.34 
476577.00 5608209.93 -4353.98 
476327.00 5608209.93 -4341.59 
476077.00 5607959.93 -4328.08 
475827.00 5607709.93 -4314.48 
475577.00 5607709.93 -4301.95 
475327.00 5607459.93 -4288.21 
475077.00 5607209.93 -4274.39 
474827.00 5607209.93 -4261.72 
474577.00 5606959.93 -4247.76 
474327.00 5606959.93 -4235.03 
474077.00 5606709.93 -4220.94 
473827.00 5606459.93 -4206.78 
473577.00 5606459.93 -4193.94 
473327.00 5606209.93 -4179.66 
473077.00 5606209.93 -4166.78 
472827.00 5605959.93 -4152.39 
472577.00 5605709.93 -4137.94 
472327.00 5605709.93 -4124.98 
472077.00 5605459.93 -4110.44 
471827.00 5605209.93 -4095.84 
471577.00 5605209.93 -4082.82 
471327.00 5604959.93 -4068.15 
471077.00 5604959.93 -4055.11 
470827.00 5604709.93 -4040.37 
470577.00 5604459.93 -4025.58 
470327.00 5604459.93 -4012.52 
470077.00 5604209.93 -3997.67 
469827.00 5604209.93 -3984.62 
469577.00 5603959.93 -3969.73 
469327.00 5603709.93 -3954.82 
469077.00 5603709.93 -3941.76 
468827.00 5603459.93 -3926.82 
468577.00 5603209.93 -3911.86 
468327.00 5603209.93 -3898.81 
468077.00 5602959.93 -3883.84 
467827.00 5602959.93 -3870.81 
467577.00 5602709.93 -3855.83 
467327.00 5602459.93 -3840.86 
467077.00 5602459.93 -3827.85 
466827.00 5602209.93 -3812.88 
466577.00 5601959.93 -3797.92 
466327.00 5601959.93 -3784.94 
466077.00 5601709.93 -3770.00 
465827.00 5601709.93 -3757.04 
465577.00 5601459.93 -3742.11 
465327.00 5601209.93 -3727.21 
465077.00 5601209.93 -3714.28 
464827.00 5600959.93 -3699.40 
464577.00 5600959.93 -3686.49 
464327.00 5600709.93 -3671.64 
464077.00 5600459.93 -3656.81 
463827.00 5600459.93 -3643.92 
463577.00 5600209.93 -3629.13 
463327.00 5599959.93 -3614.36 
463077.00 5599959.93 -3601.49 
462827.00 5599709.93 -3586.76 
462577.00 5599709.93 -3573.91 
462327.00 5599459.93 -3559.21 
462077.00 5599209.93 -3544.55 
461827.00 5599209.93 -3531.73 
461577.00 5598959.93 -3517.12 
461327.00 5598959.93 -3504.33 
461077.00 5598709.93 -3489.78 
460827.00 5598459.93 -3475.27 
460577.00 5598459.93 -3462.55 
460327.00 5598209.93 -3448.11 
460077.00 5597959.93 -3433.74 
459827.00 5597959.93 -3421.10 
459577.00 5597709.93 -3406.83 
459327.00 5597709.93 -3394.27 
459077.00 5597459.93 -3380.12 
458827.00 5597209.93 -3366.05 
458577.00 5597209.93 -3353.63 
458327.00 5596959.93 -3339.71 
458077.00 5596709.93 -3325.90 
457827.00 5596709.93 -3313.65 
457577.00 5596459.93 -3300.02 
457327.00 5596459.93 -3287.89 
457077.00 5596209.93 -3274.46 
456827.00 5595959.93 -3261.16 
456577.00 5595959.93 -3249.24 
456327.00 5595709.93 -3236.17 
456077.00 5595709.93 -3224.39 
455827.00 5595459.93 -3211.55 
455577.00 5595209.93 -3198.88 
455327.00 5595209.93 -3187.33 
455077.00 5594959.93 -3174.92 
454827.00 5594709.93 -3162.69 
454577.00 5594709.93 -3151.37 
454327.00 5594459.93 -3139.42 
454077.00 5594459.93 -3128.25 
453827.00 5594209.93 -3116.58 
453577.00 5593959.93 -3105.11 
453327.00 5593959.93 -3094.21 
453077.00 5593709.93 -3083.04 
452827.00 5593709.93 -3072.29 
452577.00 5593459.93 -3061.44 
452327.00 5593209.93 -3050.80 
452077.00 5593209.93 -3040.30 
451827.00 5592959.93 -3029.98 
451577.00 5592709.93 -3019.86 
451327.00 5592709.93 -3009.59 
451077.00 5592459.93 -2999.77 
450827.00 5592459.93 -2989.59 
450577.00 5592209.93 -2980.04 
450327.00 5591959.93 -2970.66 
450077.00 5591959.93 -2960.57 
449827.00 5591709.93 -2951.39 
449577.00 5591709.93 -2941.27 
449327.00 5591459.93 -2932.22 
449077.00 5591209.93 -2923.29 
448827.00 5591209.93 -2913.00 
448577.00 5590959.93 -2904.09 
448327.00 5590709.93 -2895.23 
448077.00 5590709.93 -2884.61 
447827.00 5590459.93 -2875.64 
447577.00 5590459.93 -2864.65 
447327.00 5590209.93 -2855.48 
447077.00 5589959.93 -2846.24 
446827.00 5589959.93 -2834.57 
446577.00 5589709.93 -2824.96 
446327.00 5589459.93 -2815.18 
446077.00 5589459.93 -2802.63 
445827.00 5589209.93 -2792.32 
445577.00 5589209.93 -2779.08 
445327.00 5588959.93 -2768.11 
445077.00 5588709.93 -2756.79 
444827.00 5588709.93 -2742.41 
444577.00 5588459.93 -2730.26 
444327.00 5588459.93 -2715.09 
444077.00 5588209.93 -2702.01 
443827.00 5587959.93 -2688.38 
443577.00 5587959.93 -2671.98 
443327.00 5587709.93 -2657.32 
443077.00 5587459.93 -2642.05 
442827.00 5587459.93 -2624.55 
442577.00 5587209.93 -2608.35 
442327.00 5587209.93 -2590.40 
442077.00 5586959.93 -2573.53 
441827.00 5586709.93 -2556.45 
441577.00 5586709.93 -2538.22 
441327.00 5586459.93 -2521.15 
441077.00 5586459.93 -2502.75 
440827.00 5586209.93 -2485.69 
440577.00 5585959.93 -2468.55 
440327.00 5585959.93 -2448.75 
440077.00 5585709.93 -2430.18 
439827.00 5585459.93 -2410.47 
439577.00 5585459.93 -2389.54 
439327.00 5585209.93 -2370.85 
439077.00 5585209.93 -2352.38 
439077.00 5584959.93 -2353.74 
439077.00 5584709.93 -2354.49 
439077.00 5584459.93 -2355.54 
439327.00 5584209.93 -2378.07 
439327.00 5583959.93 -2380.75 
439327.00 5583709.93 -2383.57 
439577.00 5583459.93 -2407.90 
439577.00 5583209.93 -2410.89 
439577.00 5582959.93 -2413.95 
439827.00 5582709.93 -2437.96 
439827.00 5582459.93 -2440.93 
439827.00 5582209.93 -2443.85 
440077.00 5581959.93 -2467.07 
440077.00 5581709.93 -2469.74 
440077.00 5581459.93 -2472.44 
440327.00 5581209.93 -2494.62 
440327.00 5580959.93 -2497.18 
440327.00 5580709.93 -2499.88 
440577.00 5580459.93 -2521.06 
440577.00 5580209.93 -2523.75 
440577.00 5579959.93 -2526.60 
440827.00 5579709.93 -2546.99 
440827.00 5579459.93 -2549.93 
440827.00 5579209.93 -2553.05 
441077.00 5578959.93 -2572.89 
441077.00 5578709.93 -2576.18 
441077.00 5578459.93 -2579.66 
441327.00 5578209.93 -2599.20 
441327.00 5577959.93 -2602.92 
441327.00 5577709.93 -2606.83 
441577.00 5577459.93 -2626.29 
441577.00 5577209.93 -2630.49 
441577.00 5576959.93 -2634.88 
441827.00 5576709.93 -2654.45 
441827.00 5576459.93 -2659.15 
441827.00 5576209.93 -2664.03 
442077.00 5575959.93 -2683.85 
442077.00 5575709.93 -2689.05 
442077.00 5575459.93 -2694.40 
442327.00 5575209.93 -2714.52 
442327.00 5574959.93 -2720.16 
442327.00 5574709.93 -2725.92 
442577.00 5574459.93 -2746.37 
442577.00 5574209.93 -2752.36 
442577.00 5573959.93 -2758.43 
442827.00 5573709.93 -2779.19 
442827.00 5573459.93 -2785.43 
442827.00 5573209.93 -2791.72 
443077.00 5572959.93 -2812.71 
443077.00 5572709.93 -2819.10 
443077.00 5572459.93 -2825.50 
443327.00 5572209.93 -2846.64 
443327.00 5571959.93 -2853.07 
443327.00 5571709.93 -2859.48 
443577.00 5571459.93 -2880.69 
443577.00 5571209.93 -2887.06 
443577.00 5570959.93 -2893.38 
443827.00 5570709.93 -2914.57 
443827.00 5570459.93 -2920.80 
443827.00 5570209.93 -2926.95 
444077.00 5569959.93 -2948.02 
444077.00 5569709.93 -2954.04 
444077.00 5569459.93 -2959.96 
444327.00 5569209.93 -2980.83 
444327.00 5568959.93 -2986.57 
444327.00 5568709.93 -2992.21 
444577.00 5568459.93 -3012.81 
444577.00 5568209.93 -3018.25 
444577.00 5567959.93 -3023.57 
444827.00 5567709.93 -3043.83 
444827.00 5567459.93 -3048.92 
444827.00 5567209.93 -3053.89 
445077.00 5566959.93 -3073.75 
445077.00 5566709.93 -3078.48 
445077.00 5566459.93 -3083.10 
445327.00 5566209.93 -3102.51 
445327.00 5565959.93 -3106.87 
445327.00 5565709.93 -3111.12 
445577.00 5565459.93 -3130.04 
445577.00 5565209.93 -3134.04 
445827.00 5564959.93 -3152.60 
445827.00 5564709.93 -3156.35 
445827.00 5564459.93 -3160.00 
446077.00 5564209.93 -3178.03 
446077.00 5563959.93 -3181.44 
446077.00 5563709.93 -3184.76 
446327.00 5563459.93 -3202.27 
446327.00 5563209.93 -3205.36 
446327.00 5562959.93 -3208.38 
446577.00 5562709.93 -3225.37 
446577.00 5562459.93 -3228.18 
446577.00 5562209.93 -3230.93 
446827.00 5561959.93 -3247.43 
446827.00 5561709.93 -3250.00 
446827.00 5561459.93 -3252.52 
447077.00 5561209.93 -3268.55 
447077.00 5560959.93 -3270.91 
447077.00 5560709.93 -3273.23 
447327.00 5560459.93 -3288.82 
447327.00 5560209.93 -3291.01 
447327.00 5559959.93 -3293.17 
447577.00 5559709.93 -3308.38 
447577.00 5559459.93 -3310.43 
447577.00 5559209.93 -3312.47 
447827.00 5558959.93 -3327.31 
447827.00 5558709.93 -3329.27 
447827.00 5558459.93 -3331.22 
448077.00 5558209.93 -3345.74 
448077.00 5557959.93 -3347.63 
448077.00 5557709.93 -3349.52 
448327.00 5557459.93 -3363.77 
448327.00 5557209.93 -3365.62 
448327.00 5556959.93 -3367.48 
448577.00 5556709.93 -3381.49 
448577.00 5556459.93 -3383.33 
448577.00 5556209.93 -3385.19 
448827.00 5555959.93 -3398.99 
448827.00 5555709.93 -3400.84 
448827.00 5555459.93 -3402.71 
449077.00 5555209.93 -3416.34 
449077.00 5554959.93 -3418.22 
449077.00 5554709.93 -3420.12 
449327.00 5554459.93 -3433.60 
449327.00 5554209.93 -3435.52 
449327.00 5553959.93 -3437.48 
449577.00 5553709.93 -3450.83 
449577.00 5553459.93 -3452.81 
449577.00 5553209.93 -3454.82 
449827.00 5552959.93 -3468.08 
449827.00 5552709.93 -3470.12 
449827.00 5552459.93 -3472.20 
450077.00 5552209.93 -3485.37 
450077.00 5551959.93 -3487.48 
450077.00 5551709.93 -3489.63 
450327.00 5551459.93 -3502.73 
450327.00 5551209.93 -3504.92 
450327.00 5550959.93 -3507.14 
450577.00 5550709.93 -3520.19 
450577.00 5550459.93 -3522.45 
450577.00 5550209.93 -3524.75 
450827.00 5549959.93 -3537.75 
450827.00 5549709.93 -3540.09 
450827.00 5549459.93 -3542.47 
451077.00 5549209.93 -3555.43 
451077.00 5548959.93 -3557.84 
451077.00 5548709.93 -3560.29 
451327.00 5548459.93 -3573.22 
451327.00 5548209.93 -3575.71 
451327.00 5547959.93 -3578.24 
451577.00 5547709.93 -3591.14 
451577.00 5547459.93 -3593.70 
451577.00 5547209.93 -3596.30 
451827.00 5546959.93 -3609.17 
451827.00 5546709.93 -3611.81 
451827.00 5546459.93 -3614.48 
452077.00 5546209.93 -3627.33 
452077.00 5545959.93 -3630.04 
452077.00 5545709.93 -3632.77 
452327.00 5545459.93 -3645.61 
452327.00 5545209.93 -3648.38 
452327.00 5544959.93 -3651.18 
452577.00 5544709.93 -3664.01 
452577.00 5544459.93 -3666.85 
452577.00 5544209.93 -3669.71 
452827.00 5543959.93 -3682.52 
452827.00 5543709.93 -3685.42 
452827.00 5543459.93 -3688.35 
453077.00 5543209.93 -3701.15 
453077.00 5542959.93 -3704.11 
453077.00 5542709.93 -3707.09 
453327.00 5542459.93 -3719.88 
453327.00 5542209.93 -3722.90 
453327.00 5541959.93 -3725.94 
453577.00 5541709.93 -3738.72 
453577.00 5541459.93 -3741.79 
453577.00 5541209.93 -3744.88 
453827.00 5540959.93 -3757.64 
453827.00 5540709.93 -3760.76 
453827.00 5540459.93 -3763.91 
454077.00 5540209.93 -3776.65 
454077.00 5539959.93 -3779.82 
454077.00 5539709.93 -3783.01 
454327.00 5539459.93 -3795.73 
454327.00 5539209.93 -3798.94 
454327.00 5538959.93 -3802.17 
454577.00 5538709.93 -3814.87 
454577.00 5538459.93 -3818.12 
454577.00 5538209.93 -3821.39 
454827.00 5537959.93 -3834.06 
454827.00 5537709.93 -3837.35 
454827.00 5537459.93 -3840.65 
455077.00 5537209.93 -3853.29 
455077.00 5536959.93 -3856.61 
455077.00 5536709.93 -3859.95 
455327.00 5536459.93 -3872.55 
455327.00 5536209.93 -3875.90 
455327.00 5535959.93 -3879.26 
455577.00 5535709.93 -3891.82 
455577.00 5535459.93 -3895.20 
455577.00 5535209.93 -3898.59 
455827.00 5534959.93 -3911.10 
455827.00 5534709.93 -3914.50 
455827.00 5534459.93 -3917.91 
456077.00 5534209.93 -3930.38 
456077.00 5533959.93 -3933.80 
456077.00 5533709.93 -3937.23 
456327.00 5533459.93 -3949.64 
456327.00 5533209.93 -3953.08 
456327.00 5532959.93 -3956.53 
456577.00 5532709.93 -3968.88 
456577.00 5532459.93 -3972.34 
456577.00 5532209.93 -3975.80 
456827.00 5531959.93 -3988.10 
456827.00 5531709.93 -3991.57 
456827.00 5531459.93 -3995.05 
457077.00 5531209.93 -4007.28 
457077.00 5530959.93 -4010.76 
457077.00 5530709.93 -4014.25 
457327.00 5530459.93 -4026.42 
457327.00 5530209.93 -4029.91 
457327.00 5529959.93 -4033.41 
457577.00 5529709.93 -4045.51 
457577.00 5529459.93 -4049.00 
457577.00 5529209.93 -4052.51 
457827.00 5528959.93 -4064.54 
457827.00 5528709.93 -4068.04 
457827.00 5528459.93 -4071.55 
458077.00 5528209.93 -4083.50 
458077.00 5527959.93 -4087.01 
458327.00 5527709.93 -4098.90 
458327.00 5527459.93 -4102.40 
458327.00 5527209.93 -4105.91 
458577.00 5526959.93 -4117.72 
458577.00 5526709.93 -4121.22 
458577.00 5526459.93 -4124.72 
458827.00 5526209.93 -4136.45 
458827.00 5525959.93 -4139.95 
458827.00 5525709.93 -4143.45 
459077.00 5525459.93 -4155.10 
459077.00 5525209.93 -4158.59 
459077.00 5524959.93 -4162.09 
459327.00 5524709.93 -4173.64 
459327.00 5524459.93 -4177.13 
459327.00 5524209.93 -4180.62 
459577.00 5523959.93 -4192.09 
459577.00 5523709.93 -4195.57 
459577.00 5523459.93 -4199.05 
459827.00 5523209.93 -4210.42 
459827.00 5522959.93 -4213.89 
459827.00 5522709.93 -4217.37 
460077.00 5522459.93 -4228.64 
460077.00 5522209.93 -4232.10 
460077.00 5521959.93 -4235.56 
460327.00 5521709.93 -4246.74 
460327.00 5521459.93 -4250.18 
460327.00 5521209.93 -4253.63 
460577.00 5520959.93 -4264.71 
460577.00 5520709.93 -4268.14 
460577.00 5520459.93 -4271.58 
460827.00 5520209.93 -4282.55 
460827.00 5519959.93 -4285.97 
460827.00 5519709.93 -4289.38 
461077.00 5519459.93 -4300.26 
461077.00 5519209.93 -4303.66 
461077.00 5518959.93 -4307.06 
461327.00 5518709.93 -4317.83 
461327.00 5518459.93 -4321.21 
461327.00 5518209.93 -4324.59 
461577.00 5517959.93 -4335.25 
461577.00 5517709.93 -4338.61 
461577.00 5517459.93 -4341.98 
461827.00 5517209.93 -4352.53 
461827.00 5516959.93 -4355.88 
461827.00 5516709.93 -4359.22 
462077.00 5516459.93 -4369.67 
462077.00 5516209.93 -4372.99 
462077.00 5515959.93 -4376.31 
462327.00 5515709.93 -4386.65 
462327.00 5515459.93 -4389.95 
462327.00 5515209.93 -4393.26 
462577.00 5514959.93 -4403.48 
462577.00 5514709.93 -4406.76 
462577.00 5514459.93 -4410.04 
462827.00 5514209.93 -4420.16 
462827.00 5513959.93 -4423.41 
462827.00 5513709.93 -4426.68 
463077.00 5513459.93 -4436.68 
463077.00 5513209.93 -4439.91 
463077.00 5512959.93 -4443.15 
463327.00 5512709.93 -4453.04 
463327.00 5512459.93 -4456.25 
463327.00 5512209.93 -4459.47 
463577.00 5511959.93 -4469.25 
463577.00 5511709.93 -4472.44 
463577.00 5511459.93 -4475.63 
463827.00 5511209.93 -4485.29 
463827.00 5510959.93 -4488.46 
463827.00 5510709.93 -4491.63 
464077.00 5510459.93 -4501.18 
464077.00 5510209.93 -4504.33 
464077.00 5509959.93 -4507.47 
464327.00 5509709.93 -4516.91 
464327.00 5509459.93 -4520.03 
464327.00 5509209.93 -4523.16 
464577.00 5508959.93 -4532.48 
464577.00 5508709.93 -4535.58 
464577.00 5508459.93 -4538.68 
464827.00 5508209.93 -4547.90 
464827.00 5507959.93 -4550.98 
464827.00 5507709.93 -4554.06 
465077.00 5507459.93 -4563.16 
465077.00 5507209.93 -4566.21 
465077.00 5506959.93 -4569.27 
465327.00 5506709.93 -4578.26 
465327.00 5506459.93 -4581.30 
465327.00 5506209.93 -4584.33 
465577.00 5505959.93 -4593.21 
465577.00 5505709.93 -4596.23 
465577.00 5505459.93 -4599.24 
465827.00 5505209.93 -4608.01 
465827.00 5504959.93 -4611.01 
465827.00 5504709.93 -4614.00 
466077.00 5504459.93 -4622.66 
466077.00 5504209.93 -4625.64 
466077.00 5503959.93 -4628.61 
466327.00 5503709.93 -4637.17 
466327.00 5503459.93 -4640.12 
466327.00 5503209.93 -4643.08 
466577.00 5502959.93 -4651.53 
466577.00 5502709.93 -4654.46 
466577.00 5502459.93 -4657.40 
466827.00 5502209.93 -4665.74 
466827.00 5501959.93 -4668.66 
466827.00 5501709.93 -4671.58 
467077.00 5501459.93 -4679.82 
467077.00 5501209.93 -4682.72 
467077.00 5500959.93 -4685.63 
467327.00 5500709.93 -4693.76 
467327.00 5500459.93 -4696.65 
467327.00 5500209.93 -4699.54 
467577.00 5499959.93 -4707.57 
467577.00 5499709.93 -4710.44 
467577.00 5499459.93 -4713.31 
467827.00 5499209.93 -4721.25 
467827.00 5498959.93 -4724.10 
467827.00 5498709.93 -4726.96 
468077.00 5498459.93 -4734.80 
468077.00 5498209.93 -4737.64 
468077.00 5497959.93 -4740.49 
468327.00 5497709.93 -4748.23 
468327.00 5497459.93 -4751.06 
468327.00 5497209.93 -4753.90 
468577.00 5496959.93 -4761.54 
468577.00 5496709.93 -4764.36 
468577.00 5496459.93 -4767.19 
468827.00 5496209.93 -4774.74 
468827.00 5495959.93 -4777.55 
468827.00 5495709.93 -4780.37 
469077.00 5495459.93 -4787.83 
469077.00 5495209.93 -4790.63 
469077.00 5494959.93 -4793.44 
469327.00 5494709.93 -4800.81 
469327.00 5494459.93 -4803.61 
469327.00 5494209.93 -4806.41 
469577.00 5493959.93 -4813.69 
469577.00 5493709.93 -4816.48 
469577.00 5493459.93 -4819.28 
469827.00 5493209.93 -4826.48 
469827.00 5492959.93 -4829.27 
469827.00 5492709.93 -4832.06 
470077.00 5492459.93 -4839.18 
470077.00 5492209.93 -4841.96 
470077.00 5491959.93 -4844.75 
470327.00 5491709.93 -4851.79 
470327.00 5491459.93 -4854.57 
470577.00 5491209.93 -4861.55 
470577.00 5490959.93 -4864.32 
470577.00 5490709.93 -4867.10 
470827.00 5490459.93 -4874.01 
470827.00 5490209.93 -4876.78 
470827.00 5489959.93 -4879.56 
471077.00 5489709.93 -4886.39 
471077.00 5489459.93 -4889.16 
471077.00 5489209.93 -4891.95 
471327.00 5488959.93 -4898.71 
471327.00 5488709.93 -4901.49 
471327.00 5488459.93 -4904.27 
471577.00 5488209.93 -4910.97 
471577.00 5487959.93 -4913.75 
471577.00 5487709.93 -4916.55 
471827.00 5487459.93 -4923.18 
471827.00 5487209.93 -4925.97 
471827.00 5486959.93 -4928.77 
472077.00 5486709.93 -4935.34 
472077.00 5486459.93 -4938.14 
472077.00 5486209.93 -4940.95 
472327.00 5485959.93 -4947.46 
472327.00 5485709.93 -4950.27 
472327.00 5485459.93 -4953.09 
472577.00 5485209.93 -4959.55 
472577.00 5484959.93 -4962.37 
472577.00 5484709.93 -4965.21 
472827.00 5484459.93 -4971.62 
472827.00 5484209.93 -4974.45 
472827.00 5483959.93 -4977.30 
473077.00 5483709.93 -4983.66 
473077.00 5483459.93 -4986.51 
473077.00 5483209.93 -4989.37 
473327.00 5482959.93 -4995.69 
473327.00 5482709.93 -4998.56 
473327.00 5482459.93 -5001.44 
473577.00 5482209.93 -5007.72 
473577.00 5481959.93 -5010.61 
473577.00 5481709.93 -5013.51 
473827.00 5481459.93 -5019.75 
473827.00 5481209.93 -5022.66 
473827.00 5480959.93 -5025.58 
474077.00 5480709.93 -5031.79 
474077.00 5480459.93 -5034.72 
474077.00 5480209.93 -5037.67 
474327.00 5479959.93 -5043.85 
474327.00 5479709.93 -5046.81 
474327.00 5479459.93 -5049.79 
474577.00 5479209.93 -5055.94 
474577.00 5478959.93 -5058.92 
474577.00 5478709.93 -5061.93 
474827.00 5478459.93 -5068.06 
474827.00 5478209.93 -5071.08 
474827.00 5477959.93 -5074.11 
475077.00 5477709.93 -5080.22 
475077.00 5477459.93 -5083.28 
475077.00 5477209.93 -5086.35 
475327.00 5476959.93 -5092.44 
475327.00 5476709.93 -5095.53 
475327.00 5476459.93 -5098.64 
475577.00 5476209.93 -5104.73 
475577.00 5475959.93 -5107.85 
475577.00 5475709.93 -5111.00 
475827.00 5475459.93 -5117.08 
475827.00 5475209.93 -5120.25 
475827.00 5474959.93 -5123.44 
476077.00 5474709.93 -5129.52 
476077.00 5474459.93 -5132.73 
476077.00 5474209.93 -5135.96 
476327.00 5473959.93 -5142.05 
476327.00 5473709.93 -5145.31 
476327.00 5473459.93 -5148.59 
476577.00 5473209.93 -5154.69 
476577.00 5472959.93 -5158.00 
476577.00 5472709.93 -5161.33 
476827.00 5472459.93 -5167.44 
476827.00 5472209.93 -5170.80 
476827.00 5471959.93 -5174.18 
477077.00 5471709.93 -5180.32 
477077.00 5471459.93 -5183.74 
477077.00 5471209.93 -5187.17 
477327.00 5470959.93 -5193.34 
477327.00 5470709.93 -5196.81 
477327.00 5470459.93 -5200.31 
477577.00 5470209.93 -5206.51 
477577.00 5469959.93 -5210.05 
477577.00 5469709.93 -5213.61 
477827.00 5469459.93 -5219.85 
477827.00 5469209.93 -5223.45 
477827.00 5468959.93 -5227.07 
478077.00 5468709.93 -5233.36 
478077.00 5468459.93 -5237.02 
478077.00 5468209.93 -5240.72 
478327.00 5467959.93 -5247.06 
478327.00 5467709.93 -5250.79 
478327.00 5467459.93 -5254.56 
478577.00 5467209.93 -5260.96 
478577.00 5466959.93 -5264.77 
478577.00 5466709.93 -5268.61 
478827.00 5466459.93 -5275.07 
478827.00 5466209.93 -5278.96 
478827.00 5465959.93 -5282.87 
479077.00 5465709.93 -5289.40 
479077.00 5465459.93 -5293.37 
479077.00 5465209.93 -5297.36 
479327.00 5464959.93 -5303.97 
479327.00 5464709.93 -5308.02 
479327.00 5464459.93 -5312.09 
479577.00 5464209.93 -5318.78 
479577.00 5463959.93 -5322.90 
479577.00 5463709.93 -5327.05 
479827.00 5463459.93 -5333.84 
479827.00 5463209.93 -5338.04 
479827.00 5462959.93 -5342.27 
480077.00 5462709.93 -5349.15 
480077.00 5462459.93 -5353.43 
480077.00 5462209.93 -5357.73 
480327.00 5461959.93 -5364.71 
480327.00 5461709.93 -5369.07 
480327.00 5461459.93 -5373.45 
480577.00 5461209.93 -5380.53 
480577.00 5460959.93 -5384.97 
480577.00 5460709.93 -5389.43 
480827.00 5460459.93 -5396.61 
480827.00 5460209.93 -5401.12 
480827.00 5459959.93 -5405.65 
481077.00 5459709.93 -5412.94 
481077.00 5459459.93 -5417.52 
481077.00 5459209.93 -5422.12 
481327.00 5458959.93 -5429.52 
481327.00 5458709.93 -5434.17 
481327.00 5458459.93 -5438.83 
481577.00 5458209.93 -5446.34 
481577.00 5457959.93 -5451.05 
481577.00 5457709.93 -5455.77 
481827.00 5457459.93 -5463.39 
481827.00 5457209.93 -5468.15 
481827.00 5456959.93 -5472.92 
482077.00 5456709.93 -5480.66 
482077.00 5456459.93 -5485.46 
482077.00 5456209.93 -5490.28 
482327.00 5455959.93 -5498.12 
482327.00 5455709.93 -5502.96 
482327.00 5455459.93 -5507.81 
482577.00 5455209.93 -5515.76 
482577.00 5454959.93 -5520.63 
482577.00 5454709.93 -5525.50 
482827.00 5454459.93 -5533.54 
482827.00 5454209.93 -5538.43 
483077.00 5453959.93 -5546.55 
483077.00 5453709.93 -5551.45 
483077.00 5453459.93 -5556.34 
483327.00 5453209.93 -5564.54 
483327.00 5452959.93 -5569.44 
483327.00 5452709.93 -5574.32 
483577.00 5452459.93 -5582.60 
483577.00 5452209.93 -5587.48 
483577.00 5451959.93 -5592.34 
483827.00 5451709.93 -5600.68 
483827.00 5451459.93 -5605.53 
483827.00 5451209.93 -5610.35 
484077.00 5450959.93 -5618.75 
484077.00 5450709.93 -5623.55 
484077.00 5450459.93 -5628.32 
484327.00 5450209.93 -5636.75 
484327.00 5449959.93 -5641.49 
484327.00 5449709.93 -5646.20 
484577.00 5449459.93 -5654.65 
484577.00 5449209.93 -5659.32 
484577.00 5448959.93 -5663.95 
484827.00 5448709.93 -5672.41 
484827.00 5448459.93 -5676.98 
484827.00 5448209.93 -5681.52 
485077.00 5447959.93 -5689.98 
485077.00 5447709.93 -5694.45 
485077.00 5447459.93 -5698.88 
485327.00 5447209.93 -5707.32 
485327.00 5446959.93 -5711.68 
485327.00 5446709.93 -5715.99 
485577.00 5446459.93 -5724.40 
485577.00 5446209.93 -5728.63 
485577.00 5445959.93 -5732.82 
485827.00 5445709.93 -5741.18 
485827.00 5445459.93 -5745.28 
485827.00 5445209.93 -5749.32 
486077.00 5444959.93 -5757.62 
486077.00 5444709.93 -5761.58 
486077.00 5444459.93 -5765.48 
486327.00 5444209.93 -5773.71 
486327.00 5443959.93 -5777.51 
486327.00 5443709.93 -5781.25 
486577.00 5443459.93 -5789.39 
486577.00 5443209.93 -5793.03 
486577.00 5442959.93 -5796.61 
486827.00 5442709.93 -5804.66 
486827.00 5442459.93 -5808.12 
486827.00 5442209.93 -5811.53 
487077.00 5441959.93 -5819.46 
487077.00 5441709.93 -5822.75 
487077.00 5441459.93 -5825.97 
487327.00 5441209.93 -5833.78 
487327.00 5440959.93 -5836.88 
487327.00 5440709.93 -5839.90 
487577.00 5440459.93 -5847.57 
487577.00 5440209.93 -5850.46 
487577.00 5439959.93 -5853.28 
487827.00 5439709.93 -5860.78 
487827.00 5439459.93 -5863.46 
487827.00 5439209.93 -5866.05 
488077.00 5438959.93 -5873.37 
488077.00 5438709.93 -5875.81 
488077.00 5438459.93 -5878.16 
488327.00 5438209.93 -5885.27 
488327.00 5437959.93 -5887.46 
488327.00 5437709.93 -5889.56 
488577.00 5437459.93 -5896.43 
488577.00 5437209.93 -5898.35 
488577.00 5436959.93 -5900.17 
488827.00 5436709.93 -5906.77 
488827.00 5436459.93 -5908.40 
488827.00 5436209.93 -5909.93 
489077.00 5435959.93 -5916.23 
489077.00 5435709.93 -5917.55 
489077.00 5435459.93 -5918.76 
489327.00 5435209.93 -5924.71 
489327.00 5434959.93 -5925.71 
489327.00 5434709.93 -5926.59 
489577.00 5434459.93 -5932.17 
489577.00 5434209.93 -5932.81 
489577.00 5433959.93 -5933.34 
489827.00 5433709.93 -5938.51 
489827.00 5433459.93 -5938.80 
489827.00 5433209.93 -5938.97 
490077.00 5432959.93 -5943.69 
490077.00 5432709.93 -5943.61 
490077.00 5432459.93 -5943.42 
490327.00 5432209.93 -5947.68 
490327.00 5431959.93 -5947.23 
490327.00 5431709.93 -5946.67 
490577.00 5431459.93 -5950.44 
490577.00 5431209.93 -5949.62 
490577.00 5430959.93 -5948.71 
490827.00 5430709.93 -5951.97 
490827.00 5430459.93 -5950.81 
490827.00 5430209.93 -5949.54 
491077.00 5429959.93 -5952.30 
491077.00 5429709.93 -5950.80 
491077.00 5429459.93 -5949.21 
491327.00 5429209.93 -5951.46 
491327.00 5428959.93 -5949.66 
491327.00 5428709.93 -5947.78 
491577.00 5428459.93 -5949.53 
491577.00 5428209.93 -5947.46 
491577.00 5427959.93 -5945.31 
491827.00 5427709.93 -5946.60 
491827.00 5427459.93 -5944.29 
491827.00 5427209.93 -5941.92 
492077.00 5426959.93 -5942.77 
492077.00 5426709.93 -5940.27 
492077.00 5426459.93 -5937.73 
492327.00 5426209.93 -5938.17 
492327.00 5425959.93 -5935.53 
492327.00 5425709.93 -5932.85 
492577.00 5425459.93 -5932.95 
492577.00 5425209.93 -5930.20 
492577.00 5424959.93 -5927.44 
492827.00 5424709.93 -5927.23 
492827.00 5424459.93 -5924.42 
492827.00 5424209.93 -5921.61 
493077.00 5423959.93 -5921.15 
493077.00 5423709.93 -5918.32 
493077.00 5423459.93 -5915.50 
493327.00 5423209.93 -5914.86 
493327.00 5422959.93 -5912.04 
493327.00 5422709.93 -5909.24 
493577.00 5422459.93 -5908.46 
493577.00 5422209.93 -5905.69 
493577.00 5421959.93 -5902.94 
493827.00 5421709.93 -5902.06 
493827.00 5421459.93 -5899.35 
493827.00 5421209.93 -5896.67 
494077.00 5420959.93 -5895.75 
494077.00 5420709.93 -5893.11 
494077.00 5420459.93 -5890.51 
494327.00 5420209.93 -5889.55 
494327.00 5419959.93 -5887.00 
494327.00 5419709.93 -5884.46 
494577.00 5419459.93 -5883.50 
494577.00 5419209.93 -5881.02 
494577.00 5418959.93 -5878.55 
494827.00 5418709.93 -5877.59 
494827.00 5418459.93 -5875.16 
494827.00 5418209.93 -5872.75 
495077.00 5417959.93 -5871.79 
495077.00 5417709.93 -5869.41 
495327.00 5417459.93 -5868.41 
495327.00 5417209.93 -5866.06 
495327.00 5416959.93 -5863.70 
495577.00 5416709.93 -5862.69 
495577.00 5416459.93 -5860.34 
495577.00 5416209.93 -5857.97 
495827.00 5415959.93 -5856.93 
495827.00 5415709.93 -5854.55 
495827.00 5415459.93 -5852.14 
496077.00 5415209.93 -5851.05 
496077.00 5414959.93 -5848.61 
496077.00 5414709.93 -5846.13 
496327.00 5414459.93 -5844.96 
496327.00 5414209.93 -5842.43 
496327.00 5413959.93 -5839.84 
496577.00 5413709.93 -5838.58 
496577.00 5413459.93 -5835.93 
496577.00 5413209.93 -5833.22 
496827.00 5412959.93 -5831.86 
496827.00 5412709.93 -5829.08 
496827.00 5412459.93 -5826.24 
497077.00 5412209.93 -5824.77 
497077.00 5411959.93 -5821.86 
497077.00 5411709.93 -5818.88 
497327.00 5411459.93 -5817.31 
497327.00 5411209.93 -5814.25 
497327.00 5410959.93 -5811.12 
497577.00 5410709.93 -5809.47 
497577.00 5410459.93 -5806.26 
497577.00 5410209.93 -5802.98 
497827.00 5409959.93 -5801.23 
497827.00 5409709.93 -5797.86 
497827.00 5409459.93 -5794.41 
498077.00 5409209.93 -5792.55 
498077.00 5408959.93 -5789.01 
498077.00 5408709.93 -5785.40 
498327.00 5408459.93 -5783.42 
498327.00 5408209.93 -5779.70 
498327.00 5407959.93 -5775.92 
498577.00 5407709.93 -5773.81 
498577.00 5407459.93 -5769.93 
498577.00 5407209.93 -5765.98 
498827.00 5406959.93 -5763.73 
498827.00 5406709.93 -5759.70 
498827.00 5406459.93 -5755.61 
499077.00 5406209.93 -5753.23 
499077.00 5405959.93 -5749.07 
499077.00 5405709.93 -5744.85 
499327.00 5405459.93 -5742.36 
499327.00 5405209.93 -5738.08 
499327.00 5404959.93 -5733.75 
499577.00 5404709.93 -5731.15 
499577.00 5404459.93 -5726.78 
499577.00 5404209.93 -5722.37 
499827.00 5403959.93 -5719.67 
499827.00 5403709.93 -5715.22 
499827.00 5403459.93 -5710.75 
500077.00 5403209.93 -5707.96 
500077.00 5402959.93 -5703.46 
500077.00 5402709.93 -5698.93 
500327.00 5402459.93 -5696.07 
500327.00 5402209.93 -5691.52 
500327.00 5401959.93 -5686.95 
500577.00 5401709.93 -5684.03 
500577.00 5401459.93 -5679.45 
500577.00 5401209.93 -5674.85 
500827.00 5400959.93 -5671.87 
500827.00 5400709.93 -5667.27 
500827.00 5400459.93 -5662.65 
501077.00 5400209.93 -5659.63 
501077.00 5399959.93 -5655.01 
501077.00 5399709.93 -5650.39 
501327.00 5399459.93 -5647.33 
501327.00 5399209.93 -5642.72 
501327.00 5398959.93 -5638.09 
501577.00 5398709.93 -5635.01 
501577.00 5398459.93 -5630.40 
501577.00 5398209.93 -5625.79 
501827.00 5397959.93 -5622.70 
501827.00 5397709.93 -5618.11 
501827.00 5397459.93 -5613.51 
502077.00 5397209.93 -5610.43 
502077.00 5396959.93 -5605.86 
502077.00 5396709.93 -5601.30 
502327.00 5396459.93 -5598.23 
502327.00 5396209.93 -5593.70 
502327.00 5395959.93 -5589.17 
502577.00 5395709.93 -5586.14 
502577.00 5395459.93 -5581.66 
502577.00 5395209.93 -5577.18 
502827.00 5394959.93 -5574.20 
502827.00 5394709.93 -5569.77 
502827.00 5394459.93 -5565.35 
503077.00 5394209.93 -5562.45 
503077.00 5393959.93 -5558.09 
503077.00 5393709.93 -5553.74 
503327.00 5393459.93 -5550.94 
503327.00 5393209.93 -5546.65 
503327.00 5392959.93 -5542.38 
503577.00 5392709.93 -5539.70 
503577.00 5392459.93 -5535.50 
503577.00 5392209.93 -5531.32 
503827.00 5391959.93 -5528.78 
503827.00 5391709.93 -5524.68 
503827.00 5391459.93 -5520.60 
504077.00 5391209.93 -5518.24 
504077.00 5390959.93 -5514.25 
504077.00 5390709.93 -5510.28 
504327.00 5390459.93 -5508.11 
504327.00 5390209.93 -5504.24 
504327.00 5389959.93 -5500.39 
504577.00 5389709.93 -5498.45 
504577.00 5389459.93 -5494.71 
504577.00 5389209.93 -5490.99 
504827.00 5388959.93 -5489.31 
504827.00 5388709.93 -5485.70 
504827.00 5388459.93 -5482.11 
505077.00 5388209.93 -5480.72 
505077.00 5387959.93 -5477.25 
505077.00 5387709.93 -5473.80 
505327.00 5387459.93 -5472.72 
505327.00 5387209.93 -5469.40 
505327.00 5386959.93 -5466.09 
505577.00 5386709.93 -5465.34 
505577.00 5386459.93 -5462.16 
505577.00 5386209.93 -5458.99 
505827.00 5385959.93 -5458.60 
505827.00 5385709.93 -5455.56 
505827.00 5385459.93 -5452.51 
506077.00 5385209.93 -5452.50 
506077.00 5384959.93 -5449.57 
506077.00 5384709.93 -5446.64 
506327.00 5384459.93 -5447.00 
506327.00 5384209.93 -5444.17 
506327.00 5383959.93 -5441.33 
506577.00 5383709.93 -5442.07 
506577.00 5383459.93 -5439.31 
506577.00 5383209.93 -5436.52 
506827.00 5382959.93 -5437.63 
506827.00 5382709.93 -5434.91 
506827.00 5382459.93 -5432.14 
507077.00 5382209.93 -5433.60 
507077.00 5381959.93 -5430.86 
507077.00 5381709.93 -5428.06 
507327.00 5381459.93 -5429.84 
507327.00 5381209.93 -5427.04 
507327.00 5380959.93 -5424.14 
507577.00 5380709.93 -5426.20 
507577.00 5380459.93 -5423.27 
507827.00 5380209.93 -5425.50 
507827.00 5379959.93 -5422.50 
507827.00 5379709.93 -5419.36 
508077.00 5379459.93 -5421.78 
508077.00 5379209.93 -5418.52 
508077.00 5378959.93 -5415.10 
508327.00 5378709.93 -5417.63 
508327.00 5378459.93 -5414.02 
508327.00 5378209.93 -5410.21 
508577.00 5377959.93 -5412.77 
508577.00 5377709.93 -5408.71 
508577.00 5377459.93 -5404.42 
508827.00 5377209.93 -5406.89 
508827.00 5376959.93 -5402.27 
508827.00 5376709.93 -5397.38 
509077.00 5376459.93 -5399.66 
509077.00 5376209.93 -5394.36 
509077.00 5375959.93 -5388.75 
509327.00 5375709.93 -5390.70 
509327.00 5375459.93 -5384.58 
509327.00 5375209.93 -5378.11 
509577.00 5374959.93 -5379.58 
509577.00 5374709.93 -5372.51 
509577.00 5374459.93 -5365.04 
509827.00 5374209.93 -5365.86 
509827.00 5373959.93 -5357.69 
509827.00 5373709.93 -5349.07 
510077.00 5373459.93 -5349.08 
510077.00 5373209.93 -5339.64 
510077.00 5372959.93 -5329.72 
510327.00 5372709.93 -5328.73 
510327.00 5372459.93 -5317.88 
510327.00 5372209.93 -5306.50 
510577.00 5371959.93 -5304.32 
510577.00 5371709.93 -5291.90 
510577.00 5371459.93 -5278.91 
510827.00 5371209.93 -5275.34 
510827.00 5370959.93 -5261.21 
510827.00 5370709.93 -5246.46 
511077.00 5370459.93 -5241.32 
511077.00 5370209.93 -5225.34 
511077.00 5369959.93 -5208.71 
511327.00 5369709.93 -5201.80 
511327.00 5369459.93 -5183.85 
511327.00 5369209.93 -5165.22 
511577.00 5368959.93 -5156.38 
511577.00 5368709.93 -5136.36 
511577.00 5368459.93 -5115.63 
511827.00 5368209.93 -5104.70 
511827.00 5367959.93 -5082.51 
511827.00 5367709.93 -5059.62 
512077.00 5367459.93 -5046.43 
512077.00 5367209.93 -5022.03 
512077.00 5366959.93 -4996.91 
512327.00 5366709.93 -4981.33 
512327.00 5366459.93 -4954.67 
512327.00 5366209.93 -4927.30 
512577.00 5365959.93 -4909.18 
512577.00 5365709.93 -4880.25 
512577.00 5365459.93 -4850.64 
512827.00 5365209.93 -4829.87 
512827.00 5364959.93 -4798.69 
512827.00 5364709.93 -4766.86 
513077.00 5364459.93 -4743.35 
513077.00 5364209.93 -4709.98 
513077.00 5363959.93 -4675.99 
513327.00 5363709.93 -4649.67 
513327.00 5363459.93 -4614.19 
513327.00 5363209.93 -4578.16 
513577.00 5362959.93 -4548.99 
513577.00 5362709.93 -4511.54 
513577.00 5362459.93 -4473.60 
513827.00 5362209.93 -4441.60 
513827.00 5361959.93 -4402.36 
513827.00 5361709.93 -4362.73 
514077.00 5361459.93 -4327.97 
514077.00 5361209.93 -4287.18 
514077.00 5360959.93 -4246.12 
514327.00 5360709.93 -4208.74 
514327.00 5360459.93 -4166.71 
514327.00 5360209.93 -4124.53 
514577.00 5359959.93 -4084.78 
514577.00 5359709.93 -4041.88 
514577.00 5359459.93 -3998.97 
514827.00 5359209.93 -3957.16 
514827.00 5358959.93 -3913.82 
514827.00 5358709.93 -3870.62 
515077.00 5358459.93 -3827.18 
515077.00 5358209.93 -3783.85 
515077.00 5357959.93 -3740.84 
515327.00 5357709.93 -3696.24 
515327.00 5357459.93 -3653.41 
515327.00 5357209.93 -3611.05 
515577.00 5356959.93 -3565.81 
515577.00 5356709.93 -3523.96 
515577.00 5356459.93 -3482.72 
515827.00 5356209.93 -3437.36 
515827.00 5355959.93 -3396.94 
515827.00 5355709.93 -3357.26 
516077.00 5355459.93 -3312.32 
516077.00 5355209.93 -3273.74 
516077.00 5354959.93 -3236.01 
516327.00 5354709.93 -3191.99 
516327.00 5354459.93 -3155.62 
516327.00 5354209.93 -3120.20 
516577.00 5353959.93 -3077.57 
516577.00 5353709.93 -3043.73 
516577.00 5353459.93 -3010.91 
516827.00 5353209.93 -2970.11 
516827.00 5352959.93 -2939.06 
516827.00 5352709.93 -2909.07 
517077.00 5352459.93 -2870.53 
517077.00 5352209.93 -2842.46 
517077.00 5351959.93 -2815.50 
517327.00 5351709.93 -2779.59 
517327.00 5351459.93 -2754.68 
517327.00 5351209.93 -2730.88 
517577.00 5350959.93 -2697.99 
517577.00 5350709.93 -2676.33 
517577.00 5350459.93 -2655.80 
517827.00 5350209.93 -2626.28 
517827.00 5349959.93 -2607.94 
517827.00 5349709.93 -2590.69 
518077.00 5349459.93 -2564.85 
518077.00 5349209.93 -2549.78 
518077.00 5348959.93 -2535.74 
518327.00 5348709.93 -2513.78 
518327.00 5348459.93 -2501.83 
518327.00 5348209.93 -2490.80 
518577.00 5347959.93 -2472.80 
518577.00 5347709.93 -2463.68 
518577.00 5347459.93 -2455.34 
518827.00 5347209.93 -2441.16 
518827.00 5346959.93 -2434.46 
518827.00 5346709.93 -2428.37 
519077.00 5346459.93 -2417.65 
519077.00 5346209.93 -2412.84 
519077.00 5345959.93 -2408.46 
519327.00 5345709.93 -2400.64 
519327.00 5345459.93 -2397.16 
519327.00 5345209.93 -2393.94 
519577.00 5344959.93 -2388.39 
519577.00 5344709.93 -2385.70 
519577.00 5344459.93 -2383.13 
519827.00 5344209.93 -2379.23 
519827.00 5343959.93 -2376.90 
520077.00 5343709.93 -2374.04 
520077.00 5343459.93 -2371.79 
520077.00 5343209.93 -2369.50 
520327.00 5342959.93 -2367.42 
520327.00 5342709.93 -2365.03 
520327.00 5342459.93 -2362.53 
520577.00 5342209.93 -2360.87 
520577.00 5341959.93 -2358.15 
520577.00 5341709.93 -2355.30 
520827.00 5341459.93 -2353.79 
520827.00 5341209.93 -2350.64 
520827.00 5340959.93 -2347.34 
521077.00 5340709.93 -2345.78 
521077.00 5340459.93 -2342.14 
521077.00 5340209.93 -2338.35 
521327.00 5339959.93 -2336.57 
521327.00 5339709.93 -2332.42 
521327.00 5339459.93 -2328.13 
521577.00 5339209.93 -2326.03 
521577.00 5338959.93 -2321.36 
521577.00 5338709.93 -2316.55 
521827.00 5338459.93 -2314.05 
521827.00 5338209.93 -2308.87 
521827.00 5337959.93 -2303.56 
522077.00 5337709.93 -2300.58 
522077.00 5337459.93 -2294.90 
522077.00 5337209.93 -2289.10 
522327.00 5336959.93 -2285.60 
522327.00 5336709.93 -2279.44 
522327.00 5336459.93 -2273.16 
522577.00 5336209.93 -2269.12 
522577.00 5335959.93 -2262.49 
522577.00 5335709.93 -2255.76 
522827.00 5335459.93 -2251.16 
522827.00 5335209.93 -2244.10 
522827.00 5334959.93 -2236.94 
523077.00 5334709.93 -2231.79 
523077.00 5334459.93 -2224.33 
523077.00 5334209.93 -2216.78 
523327.00 5333959.93 -2211.10 
523327.00 5333709.93 -2203.28 
523327.00 5333459.93 -2195.38 
523577.00 5333209.93 -2189.20 
523577.00 5332959.93 -2181.05 
523577.00 5332709.93 -2172.84 
523827.00 5332459.93 -2166.20 
523827.00 5332209.93 -2157.77 
523827.00 5331959.93 -2149.29 
524077.00 5331709.93 -2142.24 
524077.00 5331459.93 -2133.57 
524077.00 5331209.93 -2124.87 
524327.00 5330959.93 -2117.45 
524327.00 5330709.93 -2108.58 
524327.00 5330459.93 -2099.69 
524577.00 5330209.93 -2091.97 
524577.00 5329959.93 -2082.94 
524577.00 5329709.93 -2073.89 
524827.00 5329459.93 -2065.92 
524827.00 5329209.93 -2056.76 
524827.00 5328959.93 -2047.60 
525077.00 5328709.93 -2039.42 
525077.00 5328459.93 -2030.17 
525077.00 5328209.93 -2020.92 
525327.00 5327959.93 -2012.57 
525327.00 5327709.93 -2003.26 
525327.00 5327459.93 -1993.96 
525577.00 5327209.93 -1985.49 
525577.00 5326959.93 -1976.14 
525577.00 5326709.93 -1966.80 
525827.00 5326459.93 -1958.25 
525827.00 5326209.93 -1948.88 
525827.00 5325959.93 -1939.53 
526077.00 5325709.93 -1930.93 
526077.00 5325459.93 -1921.57 
526077.00 5325209.93 -1912.22 
526327.00 5324959.93 -1903.59 
526327.00 5324709.93 -1894.25 
526327.00 5324459.93 -1884.93 
526577.00 5324209.93 -1876.29 
526577.00 5323959.93 -1866.98 
526577.00 5323709.93 -1857.70 
526827.00 5323459.93 -1849.08 
526827.00 5323209.93 -1839.82 
526827.00 5322959.93 -1830.59 
527077.00 5322709.93 -1822.01 
527077.00 5322459.93 -1812.81 
527077.00 5322209.93 -1803.63 
527327.00 5321959.93 -1795.11 
527327.00 5321709.93 -1785.97 
527327.00 5321459.93 -1776.86 
527577.00 5321209.93 -1768.42 
527577.00 5320959.93 -1759.36 
527577.00 5320709.93 -1750.33 
527827.00 5320459.93 -1741.98 
527827.00 5320209.93 -1733.00 
527827.00 5319959.93 -1724.06 
528077.00 5319709.93 -1715.82 
528077.00 5319459.93 -1706.93 
528077.00 5319209.93 -1698.09 
528327.00 5318959.93 -1689.97 
528327.00 5318709.93 -1681.19 
528327.00 5318459.93 -1672.46 
528577.00 5318209.93 -1664.47 
528577.00 5317959.93 -1655.81 
528577.00 5317709.93 -1647.19 
528827.00 5317459.93 -1639.36 
528827.00 5317209.93 -1630.83 
528827.00 5316959.93 -1622.34 
529077.00 5316709.93 -1614.68 
529077.00 5316459.93 -1606.28 
529077.00 5316209.93 -1597.93 
529327.00 5315959.93 -1590.45 
529327.00 5315709.93 -1582.20 
529327.00 5315459.93 -1574.00 
529577.00 5315209.93 -1566.73 
529577.00 5314959.93 -1558.63 
529577.00 5314709.93 -1550.59 
529827.00 5314459.93 -1543.54 
529827.00 5314209.93 -1535.61 
529827.00 5313959.93 -1527.74 
530077.00 5313709.93 -1520.92 
530077.00 5313459.93 -1513.17 
530077.00 5313209.93 -1505.48 
530327.00 5312959.93 -1498.92 
530327.00 5312709.93 -1491.36 
530327.00 5312459.93 -1483.86 
530577.00 5312209.93 -1477.57 
530577.00 5311959.93 -1470.21 
530577.00 5311709.93 -1462.93 
530827.00 5311459.93 -1456.92 
530827.00 5311209.93 -1449.78 
530827.00 5310959.93 -1442.71 
531077.00 5310709.93 -1437.01 
531077.00 5310459.93 -1430.10 
531077.00 5310209.93 -1423.26 
531327.00 5309959.93 -1417.88 
531327.00 5309709.93 -1411.22 
531327.00 5309459.93 -1404.63 
531577.00 5309209.93 -1399.59 
531577.00 5308959.93 -1393.19 
531577.00 5308709.93 -1386.86 
531827.00 5308459.93 -1382.18 
531827.00 5308209.93 -1376.05 
531827.00 5307959.93 -1370.00 
532077.00 5307709.93 -1365.69 
532077.00 5307459.93 -1359.84 
532077.00 5307209.93 -1354.08 
532327.00 5306959.93 -1350.17 
532327.00 5306709.93 -1344.62 
532577.00 5306459.93 -1341.00 
532577.00 5306209.93 -1335.65 
532577.00 5305959.93 -1330.40 
532827.00 5305709.93 -1327.20 
532827.00 5305459.93 -1322.16 
532827.00 5305209.93 -1317.21 
533077.00 5304959.93 -1314.44 
533077.00 5304709.93 -1309.71 
533077.00 5304459.93 -1305.07 
533327.00 5304209.93 -1302.73 
533327.00 5303959.93 -1298.30 
533327.00 5303709.93 -1293.96 
533577.00 5303459.93 -1292.06 
533577.00 5303209.93 -1287.93 
533577.00 5302959.93 -1283.89 
533827.00 5302709.93 -1282.41 
533827.00 5302459.93 -1278.57 
533827.00 5302209.93 -1274.80 
534077.00 5301959.93 -1273.75 
534077.00 5301709.93 -1270.17 
534077.00 5301459.93 -1266.67 
534327.00 5301209.93 -1266.01 
534327.00 5300959.93 -1262.68 
534327.00 5300709.93 -1259.41 
534577.00 5300459.93 -1259.13 
534577.00 5300209.93 -1256.00 
534577.00 5299959.93 -1252.93 
534827.00 5299709.93 -1252.99 
534827.00 5299459.93 -1250.04 
534827.00 5299209.93 -1247.13 
535077.00 5298959.93 -1247.49 
535077.00 5298709.93 -1244.68 
535077.00 5298459.93 -1241.90 
535327.00 5298209.93 -1242.50 
535327.00 5297959.93 -1239.79 
535327.00 5297709.93 -1237.10 
535577.00 5297459.93 -1237.90 
535577.00 5297209.93 -1235.27 
535577.00 5296959.93 -1232.64 
535827.00 5296709.93 -1233.59 
535827.00 5296459.93 -1231.00 
535827.00 5296209.93 -1228.41 
536077.00 5295959.93 -1229.48 
536077.00 5295709.93 -1226.90 
536077.00 5295459.93 -1224.32 
536327.00 5295209.93 -1225.46 
536327.00 5294959.93 -1222.88 
536327.00 5294709.93 -1220.29 
536577.00 5294459.93 -1221.46 
536577.00 5294209.93 -1218.87 
536577.00 5293959.93 -1216.28 
536827.00 5293709.93 -1217.45 
536827.00 5293459.93 -1214.87 
536827.00 5293209.93 -1212.30 
537077.00 5292959.93 -1213.50 
537077.00 5292709.93 -1210.97 
537077.00 5292459.93 -1208.51 
537327.00 5292209.93 -1209.77 
537327.00 5291959.93 -1207.42 
537327.00 5291709.93 -1205.20 
537577.00 5291459.93 -1206.65 
537577.00 5291209.93 -1204.68 
537577.00 5290959.93 -1202.90 
537827.00 5290709.93 -1204.78 
537827.00 5290459.93 -1203.42 
537827.00 5290209.93 -1202.30 
538077.00 5289959.93 -1204.84 
538077.00 5289709.93 -1204.23 
538077.00 5289459.93 -1203.87 
538327.00 5289209.93 -1207.26 
538327.00 5288959.93 -1207.41 
538327.00 5288709.93 -1207.73 
538577.00 5288459.93 -1212.12 
538577.00 5288209.93 -1212.79 
538577.00 5287959.93 -1213.40 
538827.00 5287709.93 -1218.59 
538827.00 5287459.93 -1218.97 
538827.00 5287209.93 -1218.89 
539077.00 5286959.93 -1223.65 
539077.00 5286709.93 -1222.39 
539077.00 5286459.93 -1220.46 
539327.00 5286209.93 -1223.07 
539327.00 5285959.93 -1220.03 
539327.00 5285709.93 -1216.94 
539577.00 5285459.93 -1218.19 
539577.00 5285209.93 -1215.26 
539577.00 5284959.93 -1212.49 
539827.00 5284709.93 -1214.28 
539827.00 5284459.93 -1209.82 
539827.00 5284209.93 -1207.13 
540077.00 5283959.93 -1207.92 
540327.00 5283709.93 -1209.24 
540327.00 5283459.93 -1206.99 
540577.00 5283209.93 -1208.93 
540577.00 5282959.93 -1206.82 
540827.00 5282709.93 -1208.68 
541077.00 5282459.93 -1210.37 
541077.00 5282209.93 -1207.65 
541327.00 5281959.93 -1208.92 
541577.00 5281709.93 -1209.94 
541577.00 5281459.93 -1206.64 
541827.00 5281209.93 -1207.22 
542077.00 5280959.93 -1207.53 
542077.00 5280709.93 -1203.77 
542327.00 5280459.93 -1203.67 
542577.00 5280209.93 -1203.34 
542577.00 5279959.93 -1199.21 
542827.00 5279709.93 -1198.56 
542827.00 5279459.93 -1194.24 
543077.00 5279209.93 -1193.33 
543327.00 5278959.93 -1192.27 
543327.00 5278709.93 -1187.71 
543577.00 5278459.93 -1186.45 
543827.00 5278209.93 -1185.06 
543827.00 5277959.93 -1180.31 
544077.00 5277709.93 -1178.76 
544327.00 5277459.93 -1177.10 
544327.00 5277209.93 -1172.19 
544577.00 5276959.93 -1170.38 
544577.00 5276709.93 -1165.35 
544827.00 5276459.93 -1163.39 
545077.00 5276209.93 -1161.34 
545077.00 5275959.93 -1156.16 
545327.00 5275709.93 -1153.96 
545577.00 5275459.93 -1151.67 
545577.00 5275209.93 -1146.35 
545827.00 5274959.93 -1143.92 
546077.00 5274709.93 -1141.40 
546077.00 5274459.93 -1135.95 
546327.00 5274209.93 -1133.29 
546577.00 5273959.93 -1130.54 
546577.00 5273709.93 -1124.96 
546827.00 5273459.93 -1122.08 
546827.00 5273209.93 -1116.42 
547077.00 5272959.93 -1113.41 
547327.00 5272709.93 -1110.31 
547327.00 5272459.93 -1104.54 
547577.00 5272209.93 -1101.31 
547827.00 5271959.93 -1097.98 
547827.00 5271709.93 -1092.11 
548077.00 5271459.93 -1088.66 
548327.00 5271209.93 -1085.13 
548327.00 5270959.93 -1079.16 
548577.00 5270709.93 -1075.51 
548827.00 5270459.93 -1071.76 
548827.00 5270209.93 -1065.71 
549077.00 5269959.93 -1061.86 
549077.00 5269709.93 -1055.74 
549327.00 5269459.93 -1051.78 
549577.00 5269209.93 -1047.74 
549577.00 5268959.93 -1041.55 
549827.00 5268709.93 -1037.42 
550077.00 5268459.93 -1033.20 
550077.00 5268209.93 -1026.95 
550327.00 5267959.93 -1022.65 
550577.00 5267709.93 -1018.28 
550577.00 5267459.93 -1011.98 
550827.00 5267209.93 -1007.53 
551077.00 5266959.93 -1003.02 
551077.00 5266709.93 -996.68 
551327.00 5266459.93 -992.10 
551327.00 5266209.93 -985.74 
551577.00 5265959.93 -981.10 
551827.00 5265709.93 -976.41 
551827.00 5265459.93 -970.03 
552077.00 5265209.93 -965.30 
552327.00 5264959.93 -960.53 
552327.00 5264709.93 -954.15 
552577.00 5264459.93 -949.35 
552827.00 5264209.93 -944.51 
552827.00 5263959.93 -938.14 
553077.00 5263709.93 -933.28 
553327.00 5263459.93 -928.41 
553327.00 5263209.93 -922.06 
553577.00 5262959.93 -917.18 
553577.00 5262709.93 -910.85 
553827.00 5262459.93 -905.97 
554077.00 5262209.93 -901.08 
554077.00 5261959.93 -894.80 
554327.00 5261709.93 -889.92 
554577.00 5261459.93 -885.05 
554577.00 5261209.93 -878.82 
554827.00 5260959.93 -873.97 
555077.00 5260709.93 -869.12 
555077.00 5260459.93 -862.96 
555327.00 5260209.93 -858.15 
555577.00 5259959.93 -853.35 
555577.00 5259709.93 -847.27 
555827.00 5259459.93 -842.52 
555827.00 5259209.93 -836.47 
556077.00 5258959.93 -831.77 
556327.00 5258709.93 -827.09 
556327.00 5258459.93 -821.14 
556577.00 5258209.93 -816.52 
556827.00 5257959.93 -811.92 
556827.00 5257709.93 -806.05 
557077.00 5257459.93 -801.52 
557327.00 5257209.93 -797.02 
557327.00 5256959.93 -791.25 
557577.00 5256709.93 -786.82 
557827.00 5256459.93 -782.42 
557827.00 5256209.93 -776.75 
558077.00 5255959.93 -772.43 
558077.00 5255709.93 -766.82 
558327.00 5255459.93 -762.58 
558577.00 5255209.93 -758.37 
558577.00 5254959.93 -752.87 
558827.00 5254709.93 -748.75 
559077.00 5254459.93 -744.66 
559077.00 5254209.93 -739.28 
559327.00 5253959.93 -735.28 
559577.00 5253709.93 -731.32 
559577.00 5253459.93 -726.05 
559827.00 5253209.93 -722.18 
560077.00 5252959.93 -718.36 
560077.00 5252709.93 -713.21 
560327.00 5252459.93 -709.48 
560327.00 5252209.93 -704.39 
560577.00 5251959.93 -700.75 
560827.00 5251709.93 -697.17 
560827.00 5251459.93 -692.20 
561077.00 5251209.93 -688.71 
561327.00 5250959.93 -685.27 
561327.00 5250709.93 -680.42 
561577.00 5250459.93 -677.09 
561827.00 5250209.93 -673.80 
561827.00 5249959.93 -669.07 
562077.00 5249709.93 -665.89 
562327.00 5249459.93 -662.76 
562327.00 5249209.93 -658.16 
562577.00 5248959.93 -655.14 
562577.00 5248709.93 -650.60 
562827.00 5248459.93 -647.69 
563077.00 5248209.93 -644.83 
563077.00 5247959.93 -640.42 
563327.00 5247709.93 -637.68 
563577.00 5247459.93 -634.99 
563577.00 5247209.93 -630.70 
563827.00 5246959.93 -628.13 
564077.00 5246709.93 -625.61 
564077.00 5246459.93 -621.46 
564327.00 5246209.93 -619.06 
564577.00 5245959.93 -616.72 
564577.00 5245709.93 -612.69 
564827.00 5245459.93 -610.47 
564827.00 5245209.93 -606.51 
565077.00 5244959.93 -604.41 
565327.00 5244709.93 -602.37 
565327.00 5244459.93 -598.54 
565577.00 5244209.93 -596.62 
565827.00 5243959.93 -594.77 
565827.00 5243709.93 -591.07 
566077.00 5243459.93 -589.34 
566327.00 5243209.93 -587.67 
566327.00 5242959.93 -584.09 
566577.00 5242709.93 -582.55 
566827.00 5242459.93 -581.07 
566827.00 5242209.93 -577.63 
567077.00 5241959.93 -576.27 
567077.00 5241709.93 -572.89 
567327.00 5241459.93 -571.66 
567577.00 5241209.93 -570.50 
567577.00 5240959.93 -567.25 
567827.00 5240709.93 -566.21 
568077.00 5240459.93 -565.24 
568077.00 5240209.93 -562.11 
568327.00 5239959.93 -561.26 
568577.00 5239709.93 -560.48 
568577.00 5239459.93 -557.48 
568827.00 5239209.93 -556.82 
569077.00 5238959.93 -556.24 
569077.00 5238709.93 -553.35 
569327.00 5238459.93 -552.89 
569327.00 5238209.93 -550.06 
569577.00 5237959.93 -549.72 
569827.00 5237709.93 -549.45 
569827.00 5237459.93 -546.74 
570077.00 5237209.93 -546.59 
570327.00 5236959.93 -546.51 
570327.00 5236709.93 -543.91 
570577.00 5236459.93 -543.96 
570827.00 5236209.93 -544.07 
570827.00 5235959.93 -541.58 
571077.00 5235709.93 -541.81 
571327.00 5235459.93 -542.11 
571327.00 5235209.93 -539.73 
571577.00 5234959.93 -540.14 
571577.00 5234709.93 -537.82 
571827.00 5234459.93 -538.36 
572077.00 5234209.93 -538.96 
572077.00 5233959.93 -536.74 
572327.00 5233709.93 -537.45 
572577.00 5233459.93 -538.24 
572577.00 5233209.93 -536.12 
572827.00 5232959.93 -537.01 
573077.00 5232709.93 -537.98 
573077.00 5232459.93 -535.95 
573327.00 5232209.93 -537.03 
573577.00 5231959.93 -538.17 
573577.00 5231709.93 -536.23 
573827.00 5231459.93 -537.48 
573827.00 5231209.93 -535.60 
574077.00 5230959.93 -536.96 
574327.00 5230709.93 -538.38 
574327.00 5230459.93 -536.58 
574577.00 5230209.93 -538.10 
574827.00 5229959.93 -539.69 
574827.00 5229709.93 -537.98 
575077.00 5229459.93 -539.67 
575327.00 5229209.93 -541.42 
575327.00 5228959.93 -539.78 
575577.00 5228709.93 -541.63 
575827.00 5228459.93 -543.54 
575827.00 5228209.93 -541.98 
576077.00 5227959.93 -543.99 
576077.00 5227709.93 -542.46 
576327.00 5227459.93 -544.56 
576577.00 5227209.93 -546.72 
576577.00 5226959.93 -545.26 
576827.00 5226709.93 -547.51 
577077.00 5226459.93 -549.82 
577077.00 5226209.93 -548.43 
577327.00 5225959.93 -550.82 
577577.00 5225709.93 -553.27 
577577.00 5225459.93 -551.93 
577827.00 5225209.93 -554.47 
578077.00 5224959.93 -557.05 
578077.00 5224709.93 -555.77 
578327.00 5224459.93 -558.44 
578327.00 5224209.93 -557.18 
578577.00 5223959.93 -559.92 
578827.00 5223709.93 -562.71 
578827.00 5223459.93 -561.50 
579077.00 5223209.93 -564.37 
579327.00 5222959.93 -567.28 
579327.00 5222709.93 -566.12 
579577.00 5222459.93 -569.10 
579827.00 5222209.93 -572.13 
579827.00 5221959.93 -571.00 
580077.00 5221709.93 -574.10 
580327.00 5221459.93 -577.24 
580327.00 5221209.93 -576.14 
580577.00 5220959.93 -579.35 
580577.00 5220709.93 -578.26 
580827.00 5220459.93 -581.52 
581077.00 5220209.93 -584.82 
581077.00 5219959.93 -583.76 
581327.00 5219709.93 -587.12 
581577.00 5219459.93 -590.52 
581577.00 5219209.93 -589.48 
581827.00 5218959.93 -592.93 
582077.00 5218709.93 -596.41 
582077.00 5218459.93 -595.39 
582327.00 5218209.93 -598.92 
582327.00 5217959.93 -597.90 
582577.00 5217709.93 -601.48 
582827.00 5217459.93 -605.09 
582827.00 5217209.93 -604.08 
583077.00 5216959.93 -607.73 
583327.00 5216709.93 -611.41 
583327.00 5216459.93 -610.41 
583577.00 5216209.93 -614.13 
583827.00 5215959.93 -617.88 
583827.00 5215709.93 -616.88 
584077.00 5215459.93 -620.66 
584327.00 5215209.93 -624.47 
584327.00 5214959.93 -623.47 
584577.00 5214709.93 -627.30 
584577.00 5214459.93 -626.29 
584827.00 5214209.93 -630.16 
585077.00 5213959.93 -634.05 
585077.00 5213709.93 -633.04 
585327.00 5213459.93 -636.95 
585577.00 5213209.93 -640.88 
585577.00 5212959.93 -639.86 
585827.00 5212709.93 -643.82 
586077.00 5212459.93 -647.79 
586077.00 5212209.93 -646.76 
586327.00 5211959.93 -650.75 
586577.00 5211709.93 -654.76 
586577.00 5211459.93 -653.72 
586827.00 5211209.93 -657.74 
586827.00 5210959.93 -656.68 
587077.00 5210709.93 -660.72 
587327.00 5210459.93 -664.77 
587327.00 5210209.93 -663.69 
587577.00 5209959.93 -667.75 
587827.00 5209709.93 -671.83 
587827.00 5209459.93 -670.73 
588077.00 5209209.93 -674.81 
588327.00 5208959.93 -678.90 
588327.00 5208709.93 -677.78 
588577.00 5208459.93 -681.88 
588827.00 5208209.93 -685.98 
588827.00 5207959.93 -684.84 
589077.00 5207709.93 -688.95 
589077.00 5207459.93 -687.78 
589327.00 5207209.93 -691.89 
589577.00 5206959.93 -696.00 
589577.00 5206709.93 -694.80 
589827.00 5206459.93 -698.91 
590077.00 5206209.93 -703.02 
590077.00 5205959.93 -701.80 
590327.00 5205709.93 -705.90 
590577.00 5205459.93 -710.00 
590577.00 5205209.93 -708.74 
590827.00 5204959.93 -712.84 
591077.00 5204709.93 -716.92 
591077.00 5204459.93 -715.63 
591327.00 5204209.93 -719.71 
591327.00 5203959.93 -718.39 
591577.00 5203709.93 -722.45 
591827.00 5203459.93 -726.50 
591827.00 5203209.93 -725.15 
592077.00 5202959.93 -729.18 
592327.00 5202709.93 -733.20 
592327.00 5202459.93 -731.80 
592577.00 5202209.93 -735.80 
592827.00 5201959.93 -739.79 
592827.00 5201709.93 -738.34 
593077.00 5201459.93 -742.30 
593327.00 5201209.93 -746.25 
593327.00 5200959.93 -744.76 
593577.00 5200709.93 -748.67 
593577.00 5200459.93 -747.15 
593827.00 5200209.93 -751.03 
594077.00 5199959.93 -754.89 
594077.00 5199709.93 -753.33 
594327.00 5199459.93 -757.15 
594577.00 5199209.93 -760.95 
594577.00 5198959.93 -759.34 
594827.00 5198709.93 -763.11 
595077.00 5198459.93 -766.85 
595077.00 5198209.93 -765.19 
595327.00 5197959.93 -768.89 
595577.00 5197709.93 -772.57 
595577.00 5197459.93 -770.87 
595827.00 5197209.93 -774.51 
595827.00 5196959.93 -772.78 
596077.00 5196709.93 -776.38 
596327.00 5196459.93 -779.95 
596327.00 5196209.93 -778.18 
596577.00 5195959.93 -781.72 
596827.00 5195709.93 -785.22 
596827.00 5195459.93 -783.43 
597077.00 5195209.93 -786.90 
597327.00 5194959.93 -790.35 
597327.00 5194709.93 -788.52 
597577.00 5194459.93 -791.94 
597827.00 5194209.93 -795.33 
597827.00 5193959.93 -793.49 
598077.00 5193709.93 -796.85 
598077.00 5193459.93 -795.00 
598327.00 5193209.93 -798.33 
598577.00 5192959.93 -801.65 
598577.00 5192709.93 -799.79 
598827.00 5192459.93 -803.09 
599077.00 5192209.93 -806.36 
599077.00 5191959.93 -804.50 
599327.00 5191709.93 -807.76 
599577.00 5191459.93 -811.00 
599577.00 5191209.93 -809.13 
599827.00 5190959.93 -812.35 
600077.00 5190709.93 -815.55 
600077.00 5190459.93 -813.69 
600327.00 5190209.93 -816.87 
600327.00 5189959.93 -815.01 
600577.00 5189709.93 -818.17 
600827.00 5189459.93 -821.32 
600827.00 5189209.93 -819.45 
601077.00 5188959.93 -822.57 
601327.00 5188709.93 -825.67 
601327.00 5188459.93 -823.81 
601577.00 5188209.93 -826.89 
601827.00 5187959.93 -829.94 
601827.00 5187709.93 -828.08 
602077.00 5187459.93 -831.11 
602327.00 5187209.93 -834.12 
602327.00 5186959.93 -832.27 
602577.00 5186709.93 -835.27 
602577.00 5186459.93 -833.43 
602827.00 5186209.93 -836.41 
603077.00 5185959.93 -839.37 
603077.00 5185709.93 -837.56 
603327.00 5185459.93 -840.51 
603577.00 5185209.93 -843.45 
603577.00 5184959.93 -841.67 
603827.00 5184709.93 -844.61 
604077.00 5184459.93 -847.53 
604077.00 5184209.93 -845.80 
604327.00 5183959.93 -848.71 
604577.00 5183709.93 -851.62 
604577.00 5183459.93 -849.93 
604827.00 5183209.93 -852.83 
604827.00 5182959.93 -851.18 
605077.00 5182709.93 -854.09 
605327.00 5182459.93 -856.99 
605327.00 5182209.93 -855.40 
605577.00 5181959.93 -858.32 
605827.00 5181709.93 -861.22 
605827.00 5181459.93 -859.73 
606077.00 5181209.93 -862.67 
606327.00 5180959.93 -865.60 
606327.00 5180709.93 -864.24 
606577.00 5180459.93 -867.21 
606827.00 5180209.93 -870.15 
606827.00 5179959.93 -868.95 
607077.00 5179709.93 -871.91 
607077.00 5179459.93 -870.80 
607327.00 5179209.93 -873.79 
